------------------------------------------------------------------------------------------------------------------------------------------------
TRAINING NEURAL NETWORK
------------------------------------------------------------------------------------------------------------------------------------------------
Epoch:1, Time:23ms, TrainError:0.697242, TrainErrorChange:0.697242, TrainAccuracy: 0.65808296
Epoch:2, Time:1ms, TrainError:0.6262595, TrainErrorChange:-0.070982516, TrainAccuracy: 0.832618
Epoch:3, Time:1ms, TrainError:0.5774469, TrainErrorChange:-0.048812628, TrainAccuracy: 0.8898426
Epoch:4, Time:1ms, TrainError:0.53905493, TrainErrorChange:-0.038391948, TrainAccuracy: 0.91130185
Epoch:5, Time:1ms, TrainError:0.5064129, TrainErrorChange:-0.032642007, TrainAccuracy: 0.91845495
Epoch:6, Time:1ms, TrainError:0.47765794, TrainErrorChange:-0.02875498, TrainAccuracy: 0.9141631
Epoch:7, Time:0ms, TrainError:0.45198157, TrainErrorChange:-0.02567637, TrainAccuracy: 0.9141631
Epoch:8, Time:0ms, TrainError:0.42896163, TrainErrorChange:-0.02301994, TrainAccuracy: 0.9155937
Epoch:9, Time:1ms, TrainError:0.40830964, TrainErrorChange:-0.020651996, TrainAccuracy: 0.9170243
Epoch:10, Time:1ms, TrainError:0.38978225, TrainErrorChange:-0.018527389, TrainAccuracy: 0.9155937
Epoch:11, Time:1ms, TrainError:0.37315813, TrainErrorChange:-0.016624123, TrainAccuracy: 0.9155937
Epoch:12, Time:1ms, TrainError:0.3582321, TrainErrorChange:-0.014926016, TrainAccuracy: 0.9141631
Epoch:13, Time:1ms, TrainError:0.34481427, TrainErrorChange:-0.01341784, TrainAccuracy: 0.9170243
Epoch:14, Time:1ms, TrainError:0.3327332, TrainErrorChange:-0.012081057, TrainAccuracy: 0.9170243
Epoch:15, Time:1ms, TrainError:0.32183453, TrainErrorChange:-0.0108986795, TrainAccuracy: 0.9170243
Epoch:16, Time:0ms, TrainError:0.31198043, TrainErrorChange:-0.009854108, TrainAccuracy: 0.9170243
Epoch:17, Time:0ms, TrainError:0.3030494, TrainErrorChange:-0.008931041, TrainAccuracy: 0.9170243
Epoch:18, Time:0ms, TrainError:0.2949334, TrainErrorChange:-0.008115977, TrainAccuracy: 0.9170243
Epoch:19, Time:1ms, TrainError:0.28753936, TrainErrorChange:-0.0073940456, TrainAccuracy: 0.9170243
Epoch:20, Time:1ms, TrainError:0.28078383, TrainErrorChange:-0.006755531, TrainAccuracy: 0.9170243
Epoch:21, Time:1ms, TrainError:0.27459452, TrainErrorChange:-0.0061893165, TrainAccuracy: 0.9170243
Epoch:22, Time:1ms, TrainError:0.26890782, TrainErrorChange:-0.0056867003, TrainAccuracy: 0.91845495
Epoch:23, Time:1ms, TrainError:0.26366857, TrainErrorChange:-0.0052392483, TrainAccuracy: 0.91845495
Epoch:24, Time:1ms, TrainError:0.2588286, TrainErrorChange:-0.0048399568, TrainAccuracy: 0.91845495
Epoch:25, Time:1ms, TrainError:0.25434485, TrainErrorChange:-0.0044837594, TrainAccuracy: 0.91845495
Epoch:26, Time:1ms, TrainError:0.25018087, TrainErrorChange:-0.0041639805, TrainAccuracy: 0.9198856
Epoch:27, Time:1ms, TrainError:0.2463036, TrainErrorChange:-0.0038772672, TrainAccuracy: 0.9198856
Epoch:28, Time:1ms, TrainError:0.24268469, TrainErrorChange:-0.003618911, TrainAccuracy: 0.9198856
Epoch:29, Time:1ms, TrainError:0.23929855, TrainErrorChange:-0.0033861399, TrainAccuracy: 0.92131615
Epoch:30, Time:1ms, TrainError:0.23612347, TrainErrorChange:-0.0031750798, TrainAccuracy: 0.92131615
Epoch:31, Time:1ms, TrainError:0.23313951, TrainErrorChange:-0.0029839575, TrainAccuracy: 0.92131615
Epoch:32, Time:1ms, TrainError:0.23032935, TrainErrorChange:-0.0028101653, TrainAccuracy: 0.92560804
Epoch:33, Time:1ms, TrainError:0.2276776, TrainErrorChange:-0.002651751, TrainAccuracy: 0.9270386
Epoch:34, Time:1ms, TrainError:0.22517076, TrainErrorChange:-0.0025068372, TrainAccuracy: 0.9270386
Epoch:35, Time:1ms, TrainError:0.22279638, TrainErrorChange:-0.0023743808, TrainAccuracy: 0.9270386
Epoch:36, Time:1ms, TrainError:0.22054373, TrainErrorChange:-0.0022526532, TrainAccuracy: 0.9270386
Epoch:37, Time:1ms, TrainError:0.21840295, TrainErrorChange:-0.0021407753, TrainAccuracy: 0.9270386
Epoch:38, Time:1ms, TrainError:0.2163654, TrainErrorChange:-0.002037555, TrainAccuracy: 0.92846924
Epoch:39, Time:1ms, TrainError:0.2144229, TrainErrorChange:-0.0019425005, TrainAccuracy: 0.92846924
Epoch:40, Time:1ms, TrainError:0.21256891, TrainErrorChange:-0.0018539876, TrainAccuracy: 0.92846924
Epoch:41, Time:1ms, TrainError:0.2107969, TrainErrorChange:-0.0017720163, TrainAccuracy: 0.92846924
Epoch:42, Time:1ms, TrainError:0.2091008, TrainErrorChange:-0.0016960949, TrainAccuracy: 0.93133044
Epoch:43, Time:0ms, TrainError:0.20747563, TrainErrorChange:-0.0016251653, TrainAccuracy: 0.9298999
Epoch:44, Time:0ms, TrainError:0.2059164, TrainErrorChange:-0.0015592277, TrainAccuracy: 0.9298999
Epoch:45, Time:0ms, TrainError:0.20441896, TrainErrorChange:-0.0014974475, TrainAccuracy: 0.9327611
Epoch:46, Time:0ms, TrainError:0.20297946, TrainErrorChange:-0.0014394969, TrainAccuracy: 0.9327611
Epoch:47, Time:0ms, TrainError:0.2015941, TrainErrorChange:-0.001385361, TrainAccuracy: 0.9341917
Epoch:48, Time:0ms, TrainError:0.20025963, TrainErrorChange:-0.0013344735, TrainAccuracy: 0.9341917
Epoch:49, Time:0ms, TrainError:0.19897307, TrainErrorChange:-0.0012865514, TrainAccuracy: 0.9341917
Epoch:50, Time:0ms, TrainError:0.19773136, TrainErrorChange:-0.0012417138, TrainAccuracy: 0.9341917
Epoch:51, Time:0ms, TrainError:0.19653231, TrainErrorChange:-0.0011990517, TrainAccuracy: 0.9341917
Epoch:52, Time:0ms, TrainError:0.1953733, TrainErrorChange:-0.0011590123, TrainAccuracy: 0.93562233
Epoch:53, Time:0ms, TrainError:0.19425218, TrainErrorChange:-0.0011211187, TrainAccuracy: 0.93562233
Epoch:54, Time:0ms, TrainError:0.19316682, TrainErrorChange:-0.0010853559, TrainAccuracy: 0.93562233
Epoch:55, Time:0ms, TrainError:0.19211568, TrainErrorChange:-0.0010511428, TrainAccuracy: 0.9370529
Epoch:56, Time:1ms, TrainError:0.19109656, TrainErrorChange:-0.0010191202, TrainAccuracy: 0.9370529
Epoch:57, Time:1ms, TrainError:0.19010817, TrainErrorChange:-9.88394E-4, TrainAccuracy: 0.93848354
Epoch:58, Time:1ms, TrainError:0.18914884, TrainErrorChange:-9.5932186E-4, TrainAccuracy: 0.93991417
Epoch:59, Time:1ms, TrainError:0.18821725, TrainErrorChange:-9.315908E-4, TrainAccuracy: 0.93991417
Epoch:60, Time:1ms, TrainError:0.18731211, TrainErrorChange:-9.0514123E-4, TrainAccuracy: 0.93991417
Epoch:61, Time:1ms, TrainError:0.18643206, TrainErrorChange:-8.800477E-4, TrainAccuracy: 0.93991417
Epoch:62, Time:0ms, TrainError:0.18557593, TrainErrorChange:-8.561313E-4, TrainAccuracy: 0.93991417
Epoch:63, Time:0ms, TrainError:0.18474276, TrainErrorChange:-8.331686E-4, TrainAccuracy: 0.9413448
Epoch:64, Time:0ms, TrainError:0.18393154, TrainErrorChange:-8.112192E-4, TrainAccuracy: 0.9413448
Epoch:65, Time:0ms, TrainError:0.1831411, TrainErrorChange:-7.90447E-4, TrainAccuracy: 0.9413448
Epoch:66, Time:1ms, TrainError:0.18237098, TrainErrorChange:-7.701218E-4, TrainAccuracy: 0.9413448
Epoch:67, Time:1ms, TrainError:0.18161972, TrainErrorChange:-7.5125694E-4, TrainAccuracy: 0.94277537
Epoch:68, Time:1ms, TrainError:0.18088725, TrainErrorChange:-7.324666E-4, TrainAccuracy: 0.9413448
Epoch:69, Time:1ms, TrainError:0.1801723, TrainErrorChange:-7.149577E-4, TrainAccuracy: 0.9413448
Epoch:70, Time:1ms, TrainError:0.17947425, TrainErrorChange:-6.980449E-4, TrainAccuracy: 0.9413448
Epoch:71, Time:1ms, TrainError:0.1787926, TrainErrorChange:-6.816536E-4, TrainAccuracy: 0.9413448
Epoch:72, Time:1ms, TrainError:0.17812663, TrainErrorChange:-6.659627E-4, TrainAccuracy: 0.9413448
Epoch:73, Time:1ms, TrainError:0.17747568, TrainErrorChange:-6.509572E-4, TrainAccuracy: 0.9413448
Epoch:74, Time:1ms, TrainError:0.17683919, TrainErrorChange:-6.364882E-4, TrainAccuracy: 0.9413448
Epoch:75, Time:0ms, TrainError:0.17621663, TrainErrorChange:-6.225556E-4, TrainAccuracy: 0.9413448
Epoch:76, Time:0ms, TrainError:0.1756077, TrainErrorChange:-6.0893595E-4, TrainAccuracy: 0.9413448
Epoch:77, Time:0ms, TrainError:0.17501156, TrainErrorChange:-5.9613585E-4, TrainAccuracy: 0.9413448
Epoch:78, Time:0ms, TrainError:0.17442824, TrainErrorChange:-5.8332086E-4, TrainAccuracy: 0.9413448
Epoch:79, Time:0ms, TrainError:0.17385675, TrainErrorChange:-5.7148933E-4, TrainAccuracy: 0.9413448
Epoch:80, Time:0ms, TrainError:0.1732969, TrainErrorChange:-5.598515E-4, TrainAccuracy: 0.9413448
Epoch:81, Time:0ms, TrainError:0.17274848, TrainErrorChange:-5.4842234E-4, TrainAccuracy: 0.9413448
Epoch:82, Time:1ms, TrainError:0.17221092, TrainErrorChange:-5.375594E-4, TrainAccuracy: 0.9413448
Epoch:83, Time:1ms, TrainError:0.17168373, TrainErrorChange:-5.271882E-4, TrainAccuracy: 0.9413448
Epoch:84, Time:1ms, TrainError:0.17116682, TrainErrorChange:-5.169064E-4, TrainAccuracy: 0.94277537
Epoch:85, Time:1ms, TrainError:0.1706598, TrainErrorChange:-5.070269E-4, TrainAccuracy: 0.94277537
Epoch:86, Time:1ms, TrainError:0.17016236, TrainErrorChange:-4.9743056E-4, TrainAccuracy: 0.94277537
Epoch:87, Time:1ms, TrainError:0.16967413, TrainErrorChange:-4.8823655E-4, TrainAccuracy: 0.94277537
Epoch:88, Time:1ms, TrainError:0.16919494, TrainErrorChange:-4.7919154E-4, TrainAccuracy: 0.94277537
Epoch:89, Time:1ms, TrainError:0.16872421, TrainErrorChange:-4.7072768E-4, TrainAccuracy: 0.94277537
Epoch:90, Time:1ms, TrainError:0.16826223, TrainErrorChange:-4.619807E-4, TrainAccuracy: 0.94277537
Epoch:91, Time:1ms, TrainError:0.16780828, TrainErrorChange:-4.5394897E-4, TrainAccuracy: 0.94277537
Epoch:92, Time:1ms, TrainError:0.16736224, TrainErrorChange:-4.4603646E-4, TrainAccuracy: 0.94277537
Epoch:93, Time:1ms, TrainError:0.16692393, TrainErrorChange:-4.3831766E-4, TrainAccuracy: 0.94277537
Epoch:94, Time:1ms, TrainError:0.16649306, TrainErrorChange:-4.3086708E-4, TrainAccuracy: 0.94277537
Epoch:95, Time:0ms, TrainError:0.1660695, TrainErrorChange:-4.235655E-4, TrainAccuracy: 0.94277537
Epoch:96, Time:0ms, TrainError:0.16565305, TrainErrorChange:-4.1644275E-4, TrainAccuracy: 0.94277537
Epoch:97, Time:0ms, TrainError:0.16524333, TrainErrorChange:-4.0972233E-4, TrainAccuracy: 0.94277537
Epoch:98, Time:1ms, TrainError:0.16484042, TrainErrorChange:-4.029125E-4, TrainAccuracy: 0.94277537
Epoch:99, Time:1ms, TrainError:0.16444413, TrainErrorChange:-3.9628148E-4, TrainAccuracy: 0.944206
Epoch:100, Time:1ms, TrainError:0.16405416, TrainErrorChange:-3.899783E-4, TrainAccuracy: 0.944206
Epoch:101, Time:0ms, TrainError:0.16367012, TrainErrorChange:-3.8403273E-4, TrainAccuracy: 0.944206
Epoch:102, Time:0ms, TrainError:0.16329238, TrainErrorChange:-3.7774444E-4, TrainAccuracy: 0.944206
Epoch:103, Time:0ms, TrainError:0.16292033, TrainErrorChange:-3.720522E-4, TrainAccuracy: 0.944206
Epoch:104, Time:0ms, TrainError:0.16255407, TrainErrorChange:-3.6625564E-4, TrainAccuracy: 0.944206
Epoch:105, Time:1ms, TrainError:0.16219346, TrainErrorChange:-3.606081E-4, TrainAccuracy: 0.944206
Epoch:106, Time:1ms, TrainError:0.16183814, TrainErrorChange:-3.553182E-4, TrainAccuracy: 0.944206
Epoch:107, Time:1ms, TrainError:0.16148828, TrainErrorChange:-3.4986436E-4, TrainAccuracy: 0.944206
Epoch:108, Time:0ms, TrainError:0.16114333, TrainErrorChange:-3.4494698E-4, TrainAccuracy: 0.944206
Epoch:109, Time:0ms, TrainError:0.16080357, TrainErrorChange:-3.3976138E-4, TrainAccuracy: 0.944206
Epoch:110, Time:0ms, TrainError:0.16046885, TrainErrorChange:-3.3472478E-4, TrainAccuracy: 0.944206
Epoch:111, Time:1ms, TrainError:0.16013876, TrainErrorChange:-3.3009052E-4, TrainAccuracy: 0.94563663
Epoch:112, Time:1ms, TrainError:0.1598136, TrainErrorChange:-3.2515824E-4, TrainAccuracy: 0.94563663
Epoch:113, Time:1ms, TrainError:0.15949273, TrainErrorChange:-3.208667E-4, TrainAccuracy: 0.94563663
Epoch:114, Time:1ms, TrainError:0.15917662, TrainErrorChange:-3.1611323E-4, TrainAccuracy: 0.94563663
Epoch:115, Time:0ms, TrainError:0.15886484, TrainErrorChange:-3.11777E-4, TrainAccuracy: 0.94563663
Epoch:116, Time:0ms, TrainError:0.15855734, TrainErrorChange:-3.0750036E-4, TrainAccuracy: 0.94563663
Epoch:117, Time:1ms, TrainError:0.15825403, TrainErrorChange:-3.0331314E-4, TrainAccuracy: 0.94706726
Epoch:118, Time:1ms, TrainError:0.15795481, TrainErrorChange:-2.9921532E-4, TrainAccuracy: 0.94706726
Epoch:119, Time:1ms, TrainError:0.15765953, TrainErrorChange:-2.952814E-4, TrainAccuracy: 0.94706726
Epoch:120, Time:0ms, TrainError:0.15736839, TrainErrorChange:-2.911389E-4, TrainAccuracy: 0.94706726
Epoch:121, Time:0ms, TrainError:0.15708101, TrainErrorChange:-2.873838E-4, TrainAccuracy: 0.94706726
Epoch:122, Time:0ms, TrainError:0.15679735, TrainErrorChange:-2.836585E-4, TrainAccuracy: 0.94706726
Epoch:123, Time:1ms, TrainError:0.15651734, TrainErrorChange:-2.8000772E-4, TrainAccuracy: 0.94706726
Epoch:124, Time:1ms, TrainError:0.15624109, TrainErrorChange:-2.7625263E-4, TrainAccuracy: 0.94706726
Epoch:125, Time:1ms, TrainError:0.15596847, TrainErrorChange:-2.7261674E-4, TrainAccuracy: 0.94706726
Epoch:126, Time:0ms, TrainError:0.15569918, TrainErrorChange:-2.6929379E-4, TrainAccuracy: 0.94706726
Epoch:127, Time:0ms, TrainError:0.15543325, TrainErrorChange:-2.6592612E-4, TrainAccuracy: 0.94706726
Epoch:128, Time:0ms, TrainError:0.15517084, TrainErrorChange:-2.6240945E-4, TrainAccuracy: 0.94706726
Epoch:129, Time:1ms, TrainError:0.15491153, TrainErrorChange:-2.5931E-4, TrainAccuracy: 0.94706726
Epoch:130, Time:1ms, TrainError:0.15465535, TrainErrorChange:-2.5618076E-4, TrainAccuracy: 0.94706726
Epoch:131, Time:1ms, TrainError:0.15440246, TrainErrorChange:-2.528876E-4, TrainAccuracy: 0.94706726
Epoch:132, Time:0ms, TrainError:0.1541526, TrainErrorChange:-2.4986267E-4, TrainAccuracy: 0.94706726
Epoch:133, Time:0ms, TrainError:0.15390585, TrainErrorChange:-2.4674833E-4, TrainAccuracy: 0.94706726
Epoch:134, Time:0ms, TrainError:0.15366207, TrainErrorChange:-2.43783E-4, TrainAccuracy: 0.94706726
Epoch:135, Time:1ms, TrainError:0.15342118, TrainErrorChange:-2.4089217E-4, TrainAccuracy: 0.94706726
Epoch:136, Time:1ms, TrainError:0.15318316, TrainErrorChange:-2.3801625E-4, TrainAccuracy: 0.94706726
Epoch:137, Time:1ms, TrainError:0.1529478, TrainErrorChange:-2.3536384E-4, TrainAccuracy: 0.94706726
Epoch:138, Time:0ms, TrainError:0.1527153, TrainErrorChange:-2.3250282E-4, TrainAccuracy: 0.94706726
Epoch:139, Time:0ms, TrainError:0.15248555, TrainErrorChange:-2.297461E-4, TrainAccuracy: 0.94706726
Epoch:140, Time:1ms, TrainError:0.1522584, TrainErrorChange:-2.271533E-4, TrainAccuracy: 0.94706726
Epoch:141, Time:1ms, TrainError:0.15203372, TrainErrorChange:-2.2467971E-4, TrainAccuracy: 0.94706726
Epoch:142, Time:1ms, TrainError:0.1518118, TrainErrorChange:-2.21923E-4, TrainAccuracy: 0.94706726
Epoch:143, Time:1ms, TrainError:0.15159233, TrainErrorChange:-2.194643E-4, TrainAccuracy: 0.94706726
Epoch:144, Time:1ms, TrainError:0.15137528, TrainErrorChange:-2.1705031E-4, TrainAccuracy: 0.94706726
Epoch:145, Time:0ms, TrainError:0.1511608, TrainErrorChange:-2.1447241E-4, TrainAccuracy: 0.94706726
Epoch:146, Time:0ms, TrainError:0.15094869, TrainErrorChange:-2.1211803E-4, TrainAccuracy: 0.94706726
Epoch:147, Time:0ms, TrainError:0.15073894, TrainErrorChange:-2.0974874E-4, TrainAccuracy: 0.94706726
Epoch:148, Time:1ms, TrainError:0.15053143, TrainErrorChange:-2.0751357E-4, TrainAccuracy: 0.94706726
Epoch:149, Time:1ms, TrainError:0.15032622, TrainErrorChange:-2.0520389E-4, TrainAccuracy: 0.94706726
Epoch:150, Time:1ms, TrainError:0.15012313, TrainErrorChange:-2.0308793E-4, TrainAccuracy: 0.94706726
Epoch:151, Time:0ms, TrainError:0.14992243, TrainErrorChange:-2.0070374E-4, TrainAccuracy: 0.94706726
Epoch:152, Time:0ms, TrainError:0.14972377, TrainErrorChange:-1.9866228E-4, TrainAccuracy: 0.94706726
Epoch:153, Time:1ms, TrainError:0.1495273, TrainErrorChange:-1.9647181E-4, TrainAccuracy: 0.94706726
Epoch:154, Time:1ms, TrainError:0.1493328, TrainErrorChange:-1.9448996E-4, TrainAccuracy: 0.94706726
Epoch:155, Time:1ms, TrainError:0.14914045, TrainErrorChange:-1.9235909E-4, TrainAccuracy: 0.94706726
Epoch:156, Time:0ms, TrainError:0.1489502, TrainErrorChange:-1.9024312E-4, TrainAccuracy: 0.94706726
Epoch:157, Time:0ms, TrainError:0.14876182, TrainErrorChange:-1.8838048E-4, TrainAccuracy: 0.94706726
Epoch:158, Time:0ms, TrainError:0.14857548, TrainErrorChange:-1.8633902E-4, TrainAccuracy: 0.94706726
Epoch:159, Time:1ms, TrainError:0.14839101, TrainErrorChange:-1.8447638E-4, TrainAccuracy: 0.94706726
Epoch:160, Time:1ms, TrainError:0.14820847, TrainErrorChange:-1.8253922E-4, TrainAccuracy: 0.94706726
Epoch:161, Time:1ms, TrainError:0.14802778, TrainErrorChange:-1.8069148E-4, TrainAccuracy: 0.94706726
Epoch:162, Time:0ms, TrainError:0.14784901, TrainErrorChange:-1.7876923E-4, TrainAccuracy: 0.94992846
Epoch:163, Time:0ms, TrainError:0.14767198, TrainErrorChange:-1.770258E-4, TrainAccuracy: 0.94992846
Epoch:164, Time:0ms, TrainError:0.1474967, TrainErrorChange:-1.7528236E-4, TrainAccuracy: 0.94992846
Epoch:165, Time:0ms, TrainError:0.14732322, TrainErrorChange:-1.7347932E-4, TrainAccuracy: 0.94992846
Epoch:166, Time:0ms, TrainError:0.14715138, TrainErrorChange:-1.7184019E-4, TrainAccuracy: 0.94992846
Epoch:167, Time:0ms, TrainError:0.14698145, TrainErrorChange:-1.6993284E-4, TrainAccuracy: 0.94992846
Epoch:168, Time:0ms, TrainError:0.14681321, TrainErrorChange:-1.6823411E-4, TrainAccuracy: 0.94992846
Epoch:169, Time:1ms, TrainError:0.1466464, TrainErrorChange:-1.668185E-4, TrainAccuracy: 0.94992846
Epoch:170, Time:1ms, TrainError:0.1464812, TrainErrorChange:-1.6519427E-4, TrainAccuracy: 0.94992846
Epoch:171, Time:1ms, TrainError:0.1463178, TrainErrorChange:-1.6340613E-4, TrainAccuracy: 0.94992846
Epoch:172, Time:0ms, TrainError:0.14615594, TrainErrorChange:-1.6185641E-4, TrainAccuracy: 0.94992846
Epoch:173, Time:0ms, TrainError:0.14599559, TrainErrorChange:-1.603514E-4, TrainAccuracy: 0.9513591
Epoch:174, Time:0ms, TrainError:0.14583686, TrainErrorChange:-1.5872717E-4, TrainAccuracy: 0.9513591
Epoch:175, Time:1ms, TrainError:0.14567961, TrainErrorChange:-1.5725195E-4, TrainAccuracy: 0.9513591
Epoch:176, Time:1ms, TrainError:0.1455238, TrainErrorChange:-1.5580654E-4, TrainAccuracy: 0.9527897
Epoch:177, Time:1ms, TrainError:0.14536951, TrainErrorChange:-1.5428662E-4, TrainAccuracy: 0.9527897
Epoch:178, Time:0ms, TrainError:0.14521672, TrainErrorChange:-1.527965E-4, TrainAccuracy: 0.9527897
Epoch:179, Time:0ms, TrainError:0.14506526, TrainErrorChange:-1.514554E-4, TrainAccuracy: 0.9527897
Epoch:180, Time:0ms, TrainError:0.14491516, TrainErrorChange:-1.500994E-4, TrainAccuracy: 0.9527897
Epoch:181, Time:1ms, TrainError:0.14476669, TrainErrorChange:-1.4847517E-4, TrainAccuracy: 0.9527897
Epoch:182, Time:1ms, TrainError:0.14461946, TrainErrorChange:-1.4722347E-4, TrainAccuracy: 0.9527897
Epoch:183, Time:1ms, TrainError:0.14447355, TrainErrorChange:-1.4591217E-4, TrainAccuracy: 0.9527897
Epoch:184, Time:0ms, TrainError:0.14432895, TrainErrorChange:-1.4460087E-4, TrainAccuracy: 0.9527897
Epoch:185, Time:0ms, TrainError:0.14418577, TrainErrorChange:-1.4318526E-4, TrainAccuracy: 0.9527897
Epoch:186, Time:0ms, TrainError:0.1440438, TrainErrorChange:-1.4196336E-4, TrainAccuracy: 0.9527897
Epoch:187, Time:1ms, TrainError:0.14390321, TrainErrorChange:-1.4059246E-4, TrainAccuracy: 0.9527897
Epoch:188, Time:1ms, TrainError:0.14376388, TrainErrorChange:-1.3932586E-4, TrainAccuracy: 0.9527897
Epoch:189, Time:1ms, TrainError:0.14362566, TrainErrorChange:-1.3822317E-4, TrainAccuracy: 0.9527897
Epoch:190, Time:1ms, TrainError:0.1434889, TrainErrorChange:-1.3676286E-4, TrainAccuracy: 0.9527897
Epoch:191, Time:0ms, TrainError:0.14335304, TrainErrorChange:-1.3585389E-4, TrainAccuracy: 0.9527897
Epoch:192, Time:0ms, TrainError:0.14321859, TrainErrorChange:-1.3445318E-4, TrainAccuracy: 0.9527897
Epoch:193, Time:1ms, TrainError:0.14308536, TrainErrorChange:-1.3323128E-4, TrainAccuracy: 0.9527897
Epoch:194, Time:1ms, TrainError:0.14295316, TrainErrorChange:-1.322031E-4, TrainAccuracy: 0.9527897
Epoch:195, Time:1ms, TrainError:0.14282213, TrainErrorChange:-1.3102591E-4, TrainAccuracy: 0.9527897
Epoch:196, Time:1ms, TrainError:0.1426923, TrainErrorChange:-1.2983382E-4, TrainAccuracy: 0.9527897
Epoch:197, Time:0ms, TrainError:0.14256349, TrainErrorChange:-1.2880564E-4, TrainAccuracy: 0.9527897
Epoch:198, Time:0ms, TrainError:0.14243592, TrainErrorChange:-1.2756884E-4, TrainAccuracy: 0.9527897
Epoch:199, Time:1ms, TrainError:0.14230935, TrainErrorChange:-1.2657046E-4, TrainAccuracy: 0.9527897
Epoch:200, Time:1ms, TrainError:0.1421839, TrainErrorChange:-1.2545288E-4, TrainAccuracy: 0.9527897
Epoch:201, Time:1ms, TrainError:0.14205939, TrainErrorChange:-1.245141E-4, TrainAccuracy: 0.9527897
Epoch:202, Time:1ms, TrainError:0.1419361, TrainErrorChange:-1.2329221E-4, TrainAccuracy: 0.9527897
Epoch:203, Time:0ms, TrainError:0.14181374, TrainErrorChange:-1.2235343E-4, TrainAccuracy: 0.9527897
Epoch:204, Time:0ms, TrainError:0.14169236, TrainErrorChange:-1.2138486E-4, TrainAccuracy: 0.9527897
Epoch:205, Time:0ms, TrainError:0.14157212, TrainErrorChange:-1.2023747E-4, TrainAccuracy: 0.9527897
Epoch:206, Time:1ms, TrainError:0.14145286, TrainErrorChange:-1.1925399E-4, TrainAccuracy: 0.9527897
Epoch:207, Time:1ms, TrainError:0.14133458, TrainErrorChange:-1.1828542E-4, TrainAccuracy: 0.9527897
Epoch:208, Time:0ms, TrainError:0.14121716, TrainErrorChange:-1.1742115E-4, TrainAccuracy: 0.9527897
Epoch:209, Time:0ms, TrainError:0.1411009, TrainErrorChange:-1.1625886E-4, TrainAccuracy: 0.9527897
Epoch:210, Time:0ms, TrainError:0.14098552, TrainErrorChange:-1.1537969E-4, TrainAccuracy: 0.9513591
Epoch:211, Time:1ms, TrainError:0.14087096, TrainErrorChange:-1.1456013E-4, TrainAccuracy: 0.9513591
Epoch:212, Time:1ms, TrainError:0.14075741, TrainErrorChange:-1.1354685E-4, TrainAccuracy: 0.9513591
Epoch:213, Time:1ms, TrainError:0.14064471, TrainErrorChange:-1.1269748E-4, TrainAccuracy: 0.9513591
Epoch:214, Time:0ms, TrainError:0.14053306, TrainErrorChange:-1.116544E-4, TrainAccuracy: 0.9513591
Epoch:215, Time:0ms, TrainError:0.14042221, TrainErrorChange:-1.1084974E-4, TrainAccuracy: 0.9513591
Epoch:216, Time:0ms, TrainError:0.14031215, TrainErrorChange:-1.1005998E-4, TrainAccuracy: 0.9513591
Epoch:217, Time:1ms, TrainError:0.14020303, TrainErrorChange:-1.091212E-4, TrainAccuracy: 0.9513591
Epoch:218, Time:1ms, TrainError:0.1400947, TrainErrorChange:-1.0833144E-4, TrainAccuracy: 0.9513591
Epoch:219, Time:0ms, TrainError:0.13998738, TrainErrorChange:-1.0731816E-4, TrainAccuracy: 0.9513591
Epoch:220, Time:0ms, TrainError:0.13988075, TrainErrorChange:-1.0663271E-4, TrainAccuracy: 0.9513591
Epoch:221, Time:0ms, TrainError:0.13977502, TrainErrorChange:-1.0572374E-4, TrainAccuracy: 0.9513591
Epoch:222, Time:1ms, TrainError:0.1396702, TrainErrorChange:-1.0482967E-4, TrainAccuracy: 0.9513591
Epoch:223, Time:1ms, TrainError:0.13956617, TrainErrorChange:-1.04025006E-4, TrainAccuracy: 0.9513591
Epoch:224, Time:1ms, TrainError:0.13946274, TrainErrorChange:-1.0342896E-4, TrainAccuracy: 0.9513591
Epoch:225, Time:0ms, TrainError:0.13936032, TrainErrorChange:-1.0241568E-4, TrainAccuracy: 0.9513591
Epoch:226, Time:0ms, TrainError:0.1392585, TrainErrorChange:-1.01819634E-4, TrainAccuracy: 0.9513591
Epoch:227, Time:1ms, TrainError:0.13915761, TrainErrorChange:-1.0089576E-4, TrainAccuracy: 0.9513591
Epoch:228, Time:1ms, TrainError:0.13905732, TrainErrorChange:-1.00284815E-4, TrainAccuracy: 0.9513591
Epoch:229, Time:1ms, TrainError:0.13895786, TrainErrorChange:-9.946525E-5, TrainAccuracy: 0.9513591
Epoch:230, Time:1ms, TrainError:0.13885908, TrainErrorChange:-9.87798E-5, TrainAccuracy: 0.9513591
Epoch:231, Time:0ms, TrainError:0.13876122, TrainErrorChange:-9.7855926E-5, TrainAccuracy: 0.9513591
Epoch:232, Time:0ms, TrainError:0.13866387, TrainErrorChange:-9.7349286E-5, TrainAccuracy: 0.9513591
Epoch:233, Time:0ms, TrainError:0.13856737, TrainErrorChange:-9.649992E-5, TrainAccuracy: 0.9513591
Epoch:234, Time:1ms, TrainError:0.13847154, TrainErrorChange:-9.582937E-5, TrainAccuracy: 0.9513591
Epoch:235, Time:1ms, TrainError:0.1383764, TrainErrorChange:-9.5143914E-5, TrainAccuracy: 0.9513591
Epoch:236, Time:1ms, TrainError:0.13828191, TrainErrorChange:-9.448826E-5, TrainAccuracy: 0.9513591
Epoch:237, Time:0ms, TrainError:0.13818818, TrainErrorChange:-9.3728304E-5, TrainAccuracy: 0.9513591
Epoch:238, Time:0ms, TrainError:0.13809516, TrainErrorChange:-9.302795E-5, TrainAccuracy: 0.9513591
Epoch:239, Time:1ms, TrainError:0.13800275, TrainErrorChange:-9.24021E-5, TrainAccuracy: 0.9513591
Epoch:240, Time:1ms, TrainError:0.13791099, TrainErrorChange:-9.176135E-5, TrainAccuracy: 0.9513591
Epoch:241, Time:1ms, TrainError:0.13781989, TrainErrorChange:-9.11057E-5, TrainAccuracy: 0.9513591
Epoch:242, Time:0ms, TrainError:0.13772954, TrainErrorChange:-9.034574E-5, TrainAccuracy: 0.9513591
Epoch:243, Time:0ms, TrainError:0.13763969, TrainErrorChange:-8.9854E-5, TrainAccuracy: 0.9513591
Epoch:244, Time:0ms, TrainError:0.13755059, TrainErrorChange:-8.909404E-5, TrainAccuracy: 0.9513591
Epoch:245, Time:1ms, TrainError:0.137462, TrainErrorChange:-8.85874E-5, TrainAccuracy: 0.9513591
Epoch:246, Time:1ms, TrainError:0.13737412, TrainErrorChange:-8.788705E-5, TrainAccuracy: 0.9513591
Epoch:247, Time:1ms, TrainError:0.13728681, TrainErrorChange:-8.73059E-5, TrainAccuracy: 0.9513591
Epoch:248, Time:0ms, TrainError:0.13720015, TrainErrorChange:-8.666515E-5, TrainAccuracy: 0.9513591
Epoch:249, Time:0ms, TrainError:0.13711393, TrainErrorChange:-8.621812E-5, TrainAccuracy: 0.9513591
Epoch:250, Time:0ms, TrainError:0.13702852, TrainErrorChange:-8.5413456E-5, TrainAccuracy: 0.9513591
Epoch:251, Time:1ms, TrainError:0.13694355, TrainErrorChange:-8.496642E-5, TrainAccuracy: 0.9513591
Epoch:252, Time:1ms, TrainError:0.13685921, TrainErrorChange:-8.434057E-5, TrainAccuracy: 0.9513591
Epoch:253, Time:1ms, TrainError:0.13677536, TrainErrorChange:-8.3848834E-5, TrainAccuracy: 0.9527897
Epoch:254, Time:0ms, TrainError:0.13669217, TrainErrorChange:-8.319318E-5, TrainAccuracy: 0.9527897
Epoch:255, Time:0ms, TrainError:0.13660955, TrainErrorChange:-8.261204E-5, TrainAccuracy: 0.9527897
Epoch:256, Time:0ms, TrainError:0.13652734, TrainErrorChange:-8.2209706E-5, TrainAccuracy: 0.9527897
Epoch:257, Time:1ms, TrainError:0.13644585, TrainErrorChange:-8.149445E-5, TrainAccuracy: 0.9527897
Epoch:258, Time:1ms, TrainError:0.13636479, TrainErrorChange:-8.106232E-5, TrainAccuracy: 0.9527897
Epoch:259, Time:1ms, TrainError:0.13628434, TrainErrorChange:-8.045137E-5, TrainAccuracy: 0.9527897
Epoch:260, Time:0ms, TrainError:0.13620442, TrainErrorChange:-7.991493E-5, TrainAccuracy: 0.9527897
Epoch:261, Time:0ms, TrainError:0.13612492, TrainErrorChange:-7.9497695E-5, TrainAccuracy: 0.9527897
Epoch:262, Time:1ms, TrainError:0.13604602, TrainErrorChange:-7.890165E-5, TrainAccuracy: 0.9527897
Epoch:263, Time:1ms, TrainError:0.13596769, TrainErrorChange:-7.8335404E-5, TrainAccuracy: 0.9527897
Epoch:264, Time:1ms, TrainError:0.1358897, TrainErrorChange:-7.799268E-5, TrainAccuracy: 0.9527897
Epoch:265, Time:0ms, TrainError:0.13581243, TrainErrorChange:-7.726252E-5, TrainAccuracy: 0.9527897
Epoch:266, Time:0ms, TrainError:0.13573551, TrainErrorChange:-7.6919794E-5, TrainAccuracy: 0.9527897
Epoch:267, Time:0ms, TrainError:0.13565907, TrainErrorChange:-7.644296E-5, TrainAccuracy: 0.9527897
Epoch:268, Time:1ms, TrainError:0.13558303, TrainErrorChange:-7.6040626E-5, TrainAccuracy: 0.9527897
Epoch:269, Time:1ms, TrainError:0.13550776, TrainErrorChange:-7.5265765E-5, TrainAccuracy: 0.9527897
Epoch:270, Time:1ms, TrainError:0.13543275, TrainErrorChange:-7.5012445E-5, TrainAccuracy: 0.9527897
Epoch:271, Time:0ms, TrainError:0.13535833, TrainErrorChange:-7.44164E-5, TrainAccuracy: 0.9527897
Epoch:272, Time:0ms, TrainError:0.13528427, TrainErrorChange:-7.405877E-5, TrainAccuracy: 0.9527897
Epoch:273, Time:1ms, TrainError:0.13521071, TrainErrorChange:-7.356703E-5, TrainAccuracy: 0.9527897
Epoch:274, Time:1ms, TrainError:0.13513751, TrainErrorChange:-7.3194504E-5, TrainAccuracy: 0.9527897
Epoch:275, Time:1ms, TrainError:0.13506496, TrainErrorChange:-7.2553754E-5, TrainAccuracy: 0.9542203
Epoch:276, Time:0ms, TrainError:0.13499275, TrainErrorChange:-7.221103E-5, TrainAccuracy: 0.9542203
Epoch:277, Time:0ms, TrainError:0.13492097, TrainErrorChange:-7.177889E-5, TrainAccuracy: 0.9542203
Epoch:278, Time:1ms, TrainError:0.13484961, TrainErrorChange:-7.136166E-5, TrainAccuracy: 0.9542203
Epoch:279, Time:1ms, TrainError:0.13477871, TrainErrorChange:-7.0899725E-5, TrainAccuracy: 0.9542203
Epoch:280, Time:1ms, TrainError:0.13470823, TrainErrorChange:-7.048249E-5, TrainAccuracy: 0.9542203
Epoch:281, Time:0ms, TrainError:0.13463819, TrainErrorChange:-7.003546E-5, TrainAccuracy: 0.9542203
Epoch:282, Time:0ms, TrainError:0.13456847, TrainErrorChange:-6.972253E-5, TrainAccuracy: 0.9542203
Epoch:283, Time:0ms, TrainError:0.13449943, TrainErrorChange:-6.903708E-5, TrainAccuracy: 0.9542203
Epoch:284, Time:1ms, TrainError:0.1344306, TrainErrorChange:-6.882846E-5, TrainAccuracy: 0.9542203
Epoch:285, Time:1ms, TrainError:0.13436219, TrainErrorChange:-6.841123E-5, TrainAccuracy: 0.9542203
Epoch:286, Time:1ms, TrainError:0.1342942, TrainErrorChange:-6.7994E-5, TrainAccuracy: 0.9542203
Epoch:287, Time:0ms, TrainError:0.1342267, TrainErrorChange:-6.750226E-5, TrainAccuracy: 0.9542203
Epoch:288, Time:0ms, TrainError:0.13415948, TrainErrorChange:-6.721914E-5, TrainAccuracy: 0.9542203
Epoch:289, Time:1ms, TrainError:0.1340926, TrainErrorChange:-6.687641E-5, TrainAccuracy: 0.9542203
Epoch:290, Time:1ms, TrainError:0.13402626, TrainErrorChange:-6.633997E-5, TrainAccuracy: 0.9542203
Epoch:291, Time:1ms, TrainError:0.13396023, TrainErrorChange:-6.6027045E-5, TrainAccuracy: 0.9542203
Epoch:292, Time:0ms, TrainError:0.13389455, TrainErrorChange:-6.568432E-5, TrainAccuracy: 0.9542203
Epoch:293, Time:0ms, TrainError:0.13382927, TrainErrorChange:-6.528199E-5, TrainAccuracy: 0.9542203
Epoch:294, Time:0ms, TrainError:0.13376434, TrainErrorChange:-6.492436E-5, TrainAccuracy: 0.9542203
Epoch:295, Time:1ms, TrainError:0.13369982, TrainErrorChange:-6.452203E-5, TrainAccuracy: 0.9542203
Epoch:296, Time:1ms, TrainError:0.13363563, TrainErrorChange:-6.41942E-5, TrainAccuracy: 0.9542203
Epoch:297, Time:1ms, TrainError:0.13357179, TrainErrorChange:-6.3836575E-5, TrainAccuracy: 0.9542203
Epoch:298, Time:0ms, TrainError:0.1335083, TrainErrorChange:-6.349385E-5, TrainAccuracy: 0.9542203
Epoch:299, Time:0ms, TrainError:0.13344534, TrainErrorChange:-6.2957406E-5, TrainAccuracy: 0.9542203
Epoch:300, Time:1ms, TrainError:0.13338257, TrainErrorChange:-6.276369E-5, TrainAccuracy: 0.9542203
Epoch:301, Time:1ms, TrainError:0.13332015, TrainErrorChange:-6.2420964E-5, TrainAccuracy: 0.9542203
Epoch:302, Time:1ms, TrainError:0.13325809, TrainErrorChange:-6.206334E-5, TrainAccuracy: 0.9542203
Epoch:303, Time:0ms, TrainError:0.13319628, TrainErrorChange:-6.181002E-5, TrainAccuracy: 0.9542203
Epoch:304, Time:0ms, TrainError:0.13313492, TrainErrorChange:-6.136298E-5, TrainAccuracy: 0.9542203
Epoch:305, Time:0ms, TrainError:0.13307387, TrainErrorChange:-6.105006E-5, TrainAccuracy: 0.9542203
Epoch:306, Time:1ms, TrainError:0.1330132, TrainErrorChange:-6.0662627E-5, TrainAccuracy: 0.9542203
Epoch:307, Time:1ms, TrainError:0.1329527, TrainErrorChange:-6.0498714E-5, TrainAccuracy: 0.9542203
Epoch:308, Time:1ms, TrainError:0.13289265, TrainErrorChange:-6.005168E-5, TrainAccuracy: 0.9556509
Epoch:309, Time:0ms, TrainError:0.13283291, TrainErrorChange:-5.9738755E-5, TrainAccuracy: 0.9556509
Epoch:310, Time:0ms, TrainError:0.13277343, TrainErrorChange:-5.9485435E-5, TrainAccuracy: 0.9556509
Epoch:311, Time:1ms, TrainError:0.13271432, TrainErrorChange:-5.9112906E-5, TrainAccuracy: 0.9556509
Epoch:312, Time:1ms, TrainError:0.13265544, TrainErrorChange:-5.8874488E-5, TrainAccuracy: 0.9556509
Epoch:313, Time:0ms, TrainError:0.13259703, TrainErrorChange:-5.8412552E-5, TrainAccuracy: 0.9556509
Epoch:314, Time:0ms, TrainError:0.13253872, TrainErrorChange:-5.8308244E-5, TrainAccuracy: 0.9556509
Epoch:315, Time:1ms, TrainError:0.13248086, TrainErrorChange:-5.786121E-5, TrainAccuracy: 0.9556509
Epoch:316, Time:1ms, TrainError:0.1324233, TrainErrorChange:-5.7563186E-5, TrainAccuracy: 0.9556509
Epoch:317, Time:1ms, TrainError:0.13236594, TrainErrorChange:-5.735457E-5, TrainAccuracy: 0.9556509
Epoch:318, Time:0ms, TrainError:0.13230897, TrainErrorChange:-5.696714E-5, TrainAccuracy: 0.9556509
Epoch:319, Time:0ms, TrainError:0.13225222, TrainErrorChange:-5.6758523E-5, TrainAccuracy: 0.9556509
Epoch:320, Time:0ms, TrainError:0.13219583, TrainErrorChange:-5.6385994E-5, TrainAccuracy: 0.9556509
Epoch:321, Time:1ms, TrainError:0.13213958, TrainErrorChange:-5.6251884E-5, TrainAccuracy: 0.9556509
Epoch:322, Time:1ms, TrainError:0.13208379, TrainErrorChange:-5.5789948E-5, TrainAccuracy: 0.9556509
Epoch:323, Time:0ms, TrainError:0.13202825, TrainErrorChange:-5.5536628E-5, TrainAccuracy: 0.9556509
Epoch:324, Time:0ms, TrainError:0.13197285, TrainErrorChange:-5.5402517E-5, TrainAccuracy: 0.9556509
Epoch:325, Time:1ms, TrainError:0.13191792, TrainErrorChange:-5.492568E-5, TrainAccuracy: 0.9556509
Epoch:326, Time:1ms, TrainError:0.13186303, TrainErrorChange:-5.4895878E-5, TrainAccuracy: 0.9556509
Epoch:327, Time:1ms, TrainError:0.13180862, TrainErrorChange:-5.440414E-5, TrainAccuracy: 0.9556509
Epoch:328, Time:0ms, TrainError:0.1317544, TrainErrorChange:-5.4225326E-5, TrainAccuracy: 0.9556509
Epoch:329, Time:0ms, TrainError:0.1317005, TrainErrorChange:-5.38975E-5, TrainAccuracy: 0.9556509
Epoch:330, Time:1ms, TrainError:0.13164674, TrainErrorChange:-5.376339E-5, TrainAccuracy: 0.9556509
Epoch:331, Time:1ms, TrainError:0.13159329, TrainErrorChange:-5.3450465E-5, TrainAccuracy: 0.9556509
Epoch:332, Time:1ms, TrainError:0.13154015, TrainErrorChange:-5.313754E-5, TrainAccuracy: 0.9556509
Epoch:333, Time:0ms, TrainError:0.13148727, TrainErrorChange:-5.288422E-5, TrainAccuracy: 0.9556509
Epoch:334, Time:0ms, TrainError:0.13143462, TrainErrorChange:-5.2645802E-5, TrainAccuracy: 0.9556509
Epoch:335, Time:1ms, TrainError:0.1313822, TrainErrorChange:-5.2422285E-5, TrainAccuracy: 0.9556509
Epoch:336, Time:1ms, TrainError:0.13133006, TrainErrorChange:-5.2139163E-5, TrainAccuracy: 0.9556509
Epoch:337, Time:1ms, TrainError:0.13127807, TrainErrorChange:-5.199015E-5, TrainAccuracy: 0.9556509
Epoch:338, Time:0ms, TrainError:0.13122642, TrainErrorChange:-5.1647425E-5, TrainAccuracy: 0.9556509
Epoch:339, Time:0ms, TrainError:0.13117501, TrainErrorChange:-5.1409006E-5, TrainAccuracy: 0.9556509
Epoch:340, Time:1ms, TrainError:0.13112383, TrainErrorChange:-5.118549E-5, TrainAccuracy: 0.9556509
Epoch:341, Time:1ms, TrainError:0.13107285, TrainErrorChange:-5.0976872E-5, TrainAccuracy: 0.9556509
Epoch:342, Time:1ms, TrainError:0.13102214, TrainErrorChange:-5.070865E-5, TrainAccuracy: 0.9556509
Epoch:343, Time:0ms, TrainError:0.13097163, TrainErrorChange:-5.0514936E-5, TrainAccuracy: 0.9556509
Epoch:344, Time:0ms, TrainError:0.13092138, TrainErrorChange:-5.0246716E-5, TrainAccuracy: 0.9556509
Epoch:345, Time:0ms, TrainError:0.13087136, TrainErrorChange:-5.0023198E-5, TrainAccuracy: 0.9556509
Epoch:346, Time:1ms, TrainError:0.13082166, TrainErrorChange:-4.9695373E-5, TrainAccuracy: 0.9556509
Epoch:347, Time:1ms, TrainError:0.13077204, TrainErrorChange:-4.9620867E-5, TrainAccuracy: 0.9556509
Epoch:348, Time:1ms, TrainError:0.13072267, TrainErrorChange:-4.9367547E-5, TrainAccuracy: 0.9556509
Epoch:349, Time:0ms, TrainError:0.1306736, TrainErrorChange:-4.9069524E-5, TrainAccuracy: 0.9556509
Epoch:350, Time:0ms, TrainError:0.13062471, TrainErrorChange:-4.889071E-5, TrainAccuracy: 0.9556509
Epoch:351, Time:1ms, TrainError:0.130576, TrainErrorChange:-4.8711896E-5, TrainAccuracy: 0.9556509
Epoch:352, Time:1ms, TrainError:0.13052762, TrainErrorChange:-4.838407E-5, TrainAccuracy: 0.9556509
Epoch:353, Time:1ms, TrainError:0.13047926, TrainErrorChange:-4.8354268E-5, TrainAccuracy: 0.95708156
Epoch:354, Time:0ms, TrainError:0.13043125, TrainErrorChange:-4.801154E-5, TrainAccuracy: 0.95708156
Epoch:355, Time:0ms, TrainError:0.1303834, TrainErrorChange:-4.784763E-5, TrainAccuracy: 0.95708156
Epoch:356, Time:0ms, TrainError:0.13033573, TrainErrorChange:-4.7668815E-5, TrainAccuracy: 0.95708156
Epoch:357, Time:1ms, TrainError:0.13028838, TrainErrorChange:-4.735589E-5, TrainAccuracy: 0.95708156
Epoch:358, Time:1ms, TrainError:0.1302411, TrainErrorChange:-4.7281384E-5, TrainAccuracy: 0.95708156
Epoch:359, Time:1ms, TrainError:0.13019417, TrainErrorChange:-4.6923757E-5, TrainAccuracy: 0.95708156
Epoch:360, Time:0ms, TrainError:0.13014735, TrainErrorChange:-4.681945E-5, TrainAccuracy: 0.95708156
Epoch:361, Time:0ms, TrainError:0.1301007, TrainErrorChange:-4.6655536E-5, TrainAccuracy: 0.9585122
Epoch:362, Time:1ms, TrainError:0.13005427, TrainErrorChange:-4.643202E-5, TrainAccuracy: 0.9585122
Epoch:363, Time:1ms, TrainError:0.13000809, TrainErrorChange:-4.61787E-5, TrainAccuracy: 0.9585122
Epoch:364, Time:1ms, TrainError:0.12996207, TrainErrorChange:-4.6014786E-5, TrainAccuracy: 0.9585122
Epoch:365, Time:0ms, TrainError:0.12991631, TrainErrorChange:-4.5761466E-5, TrainAccuracy: 0.9585122
Epoch:366, Time:0ms, TrainError:0.12987058, TrainErrorChange:-4.5731664E-5, TrainAccuracy: 0.9585122
Epoch:367, Time:0ms, TrainError:0.12982515, TrainErrorChange:-4.543364E-5, TrainAccuracy: 0.9585122
Epoch:368, Time:1ms, TrainError:0.12977998, TrainErrorChange:-4.516542E-5, TrainAccuracy: 0.9585122
Epoch:369, Time:1ms, TrainError:0.12973483, TrainErrorChange:-4.515052E-5, TrainAccuracy: 0.9585122
Epoch:370, Time:1ms, TrainError:0.12968998, TrainErrorChange:-4.4852495E-5, TrainAccuracy: 0.9585122
Epoch:371, Time:0ms, TrainError:0.12964529, TrainErrorChange:-4.4688582E-5, TrainAccuracy: 0.9585122
Epoch:372, Time:0ms, TrainError:0.12960078, TrainErrorChange:-4.450977E-5, TrainAccuracy: 0.9585122
Epoch:373, Time:0ms, TrainError:0.12955642, TrainErrorChange:-4.4360757E-5, TrainAccuracy: 0.9585122
Epoch:374, Time:1ms, TrainError:0.12951215, TrainErrorChange:-4.427135E-5, TrainAccuracy: 0.9585122
Epoch:375, Time:1ms, TrainError:0.12946835, TrainErrorChange:-4.3794513E-5, TrainAccuracy: 0.9585122
Epoch:376, Time:1ms, TrainError:0.12942441, TrainErrorChange:-4.3943524E-5, TrainAccuracy: 0.9585122
Epoch:377, Time:0ms, TrainError:0.12938088, TrainErrorChange:-4.3526292E-5, TrainAccuracy: 0.9585122
Epoch:378, Time:0ms, TrainError:0.12933734, TrainErrorChange:-4.3541193E-5, TrainAccuracy: 0.9585122
Epoch:379, Time:1ms, TrainError:0.12929416, TrainErrorChange:-4.3183565E-5, TrainAccuracy: 0.9585122
Epoch:380, Time:1ms, TrainError:0.12925106, TrainErrorChange:-4.3094158E-5, TrainAccuracy: 0.9585122
Epoch:381, Time:1ms, TrainError:0.12920818, TrainErrorChange:-4.2885542E-5, TrainAccuracy: 0.9585122
Epoch:382, Time:0ms, TrainError:0.12916528, TrainErrorChange:-4.2900443E-5, TrainAccuracy: 0.9585122
Epoch:383, Time:0ms, TrainError:0.12912266, TrainErrorChange:-4.261732E-5, TrainAccuracy: 0.9585122
Epoch:384, Time:0ms, TrainError:0.12908028, TrainErrorChange:-4.2378902E-5, TrainAccuracy: 0.9585122
Epoch:385, Time:1ms, TrainError:0.12903799, TrainErrorChange:-4.2289495E-5, TrainAccuracy: 0.9585122
Epoch:386, Time:1ms, TrainError:0.12899585, TrainErrorChange:-4.2140484E-5, TrainAccuracy: 0.9585122
Epoch:387, Time:1ms, TrainError:0.1289539, TrainErrorChange:-4.194677E-5, TrainAccuracy: 0.9585122
Epoch:388, Time:0ms, TrainError:0.12891212, TrainErrorChange:-4.1782856E-5, TrainAccuracy: 0.9585122
Epoch:389, Time:0ms, TrainError:0.12887044, TrainErrorChange:-4.1678548E-5, TrainAccuracy: 0.9585122
Epoch:390, Time:1ms, TrainError:0.12882902, TrainErrorChange:-4.1425228E-5, TrainAccuracy: 0.9585122
Epoch:391, Time:1ms, TrainError:0.12878768, TrainErrorChange:-4.133582E-5, TrainAccuracy: 0.9585122
Epoch:392, Time:1ms, TrainError:0.12874651, TrainErrorChange:-4.117191E-5, TrainAccuracy: 0.9585122
Epoch:393, Time:0ms, TrainError:0.12870541, TrainErrorChange:-4.1097403E-5, TrainAccuracy: 0.9585122
Epoch:394, Time:0ms, TrainError:0.12866461, TrainErrorChange:-4.079938E-5, TrainAccuracy: 0.9585122
Epoch:395, Time:0ms, TrainError:0.12862398, TrainErrorChange:-4.0635467E-5, TrainAccuracy: 0.9585122
Epoch:396, Time:1ms, TrainError:0.12858339, TrainErrorChange:-4.0590763E-5, TrainAccuracy: 0.9585122
Epoch:397, Time:1ms, TrainError:0.12854297, TrainErrorChange:-4.041195E-5, TrainAccuracy: 0.9585122
Epoch:398, Time:1ms, TrainError:0.12850267, TrainErrorChange:-4.030764E-5, TrainAccuracy: 0.9585122
Epoch:399, Time:0ms, TrainError:0.12846254, TrainErrorChange:-4.0128827E-5, TrainAccuracy: 0.9585122
Epoch:400, Time:0ms, TrainError:0.12842257, TrainErrorChange:-3.9964914E-5, TrainAccuracy: 0.9585122
Epoch:401, Time:0ms, TrainError:0.1283827, TrainErrorChange:-3.9875507E-5, TrainAccuracy: 0.9585122
Epoch:402, Time:1ms, TrainError:0.128343, TrainErrorChange:-3.9696693E-5, TrainAccuracy: 0.9585122
Epoch:403, Time:1ms, TrainError:0.12830354, TrainErrorChange:-3.9458275E-5, TrainAccuracy: 0.9585122
Epoch:404, Time:0ms, TrainError:0.12826413, TrainErrorChange:-3.941357E-5, TrainAccuracy: 0.9585122
Epoch:405, Time:0ms, TrainError:0.12822483, TrainErrorChange:-3.9294362E-5, TrainAccuracy: 0.9585122
Epoch:406, Time:1ms, TrainError:0.12818573, TrainErrorChange:-3.9100647E-5, TrainAccuracy: 0.9585122
Epoch:407, Time:1ms, TrainError:0.12814674, TrainErrorChange:-3.899634E-5, TrainAccuracy: 0.9585122
Epoch:408, Time:0ms, TrainError:0.1281079, TrainErrorChange:-3.8832426E-5, TrainAccuracy: 0.9585122
Epoch:409, Time:0ms, TrainError:0.12806919, TrainErrorChange:-3.8713217E-5, TrainAccuracy: 0.9585122
Epoch:410, Time:1ms, TrainError:0.12803064, TrainErrorChange:-3.8549304E-5, TrainAccuracy: 0.9585122
Epoch:411, Time:1ms, TrainError:0.12799224, TrainErrorChange:-3.8400292E-5, TrainAccuracy: 0.9585122
Epoch:412, Time:1ms, TrainError:0.12795384, TrainErrorChange:-3.8400292E-5, TrainAccuracy: 0.9585122
Epoch:413, Time:0ms, TrainError:0.12791573, TrainErrorChange:-3.811717E-5, TrainAccuracy: 0.9585122
Epoch:414, Time:0ms, TrainError:0.12787768, TrainErrorChange:-3.8042665E-5, TrainAccuracy: 0.9585122
Epoch:415, Time:1ms, TrainError:0.12783974, TrainErrorChange:-3.7938356E-5, TrainAccuracy: 0.9585122
Epoch:416, Time:1ms, TrainError:0.12780192, TrainErrorChange:-3.7819147E-5, TrainAccuracy: 0.9585122
Epoch:417, Time:1ms, TrainError:0.12776427, TrainErrorChange:-3.7655234E-5, TrainAccuracy: 0.9585122
Epoch:418, Time:0ms, TrainError:0.12772685, TrainErrorChange:-3.7416816E-5, TrainAccuracy: 0.9585122
Epoch:419, Time:0ms, TrainError:0.12768935, TrainErrorChange:-3.7506223E-5, TrainAccuracy: 0.9585122
Epoch:420, Time:1ms, TrainError:0.12765202, TrainErrorChange:-3.732741E-5, TrainAccuracy: 0.9585122
Epoch:421, Time:1ms, TrainError:0.12761483, TrainErrorChange:-3.71933E-5, TrainAccuracy: 0.9585122
Epoch:422, Time:1ms, TrainError:0.12757789, TrainErrorChange:-3.693998E-5, TrainAccuracy: 0.9585122
Epoch:423, Time:0ms, TrainError:0.12754098, TrainErrorChange:-3.6910176E-5, TrainAccuracy: 0.9585122
Epoch:424, Time:0ms, TrainError:0.12750426, TrainErrorChange:-3.671646E-5, TrainAccuracy: 0.9585122
Epoch:425, Time:1ms, TrainError:0.12746745, TrainErrorChange:-3.6805868E-5, TrainAccuracy: 0.9585122
Epoch:426, Time:1ms, TrainError:0.12743092, TrainErrorChange:-3.6537647E-5, TrainAccuracy: 0.9585122
Epoch:427, Time:1ms, TrainError:0.12739463, TrainErrorChange:-3.6284328E-5, TrainAccuracy: 0.9585122
Epoch:428, Time:0ms, TrainError:0.12735824, TrainErrorChange:-3.6388636E-5, TrainAccuracy: 0.9585122
Epoch:429, Time:0ms, TrainError:0.12732197, TrainErrorChange:-3.6269426E-5, TrainAccuracy: 0.9585122
Epoch:430, Time:1ms, TrainError:0.12728597, TrainErrorChange:-3.6001205E-5, TrainAccuracy: 0.9585122
Epoch:431, Time:1ms, TrainError:0.12724994, TrainErrorChange:-3.6031008E-5, TrainAccuracy: 0.9585122
Epoch:432, Time:1ms, TrainError:0.12721406, TrainErrorChange:-3.5881996E-5, TrainAccuracy: 0.9585122
Epoch:433, Time:0ms, TrainError:0.12717834, TrainErrorChange:-3.5718083E-5, TrainAccuracy: 0.9585122
Epoch:434, Time:0ms, TrainError:0.12714274, TrainErrorChange:-3.5598874E-5, TrainAccuracy: 0.9585122
Epoch:435, Time:1ms, TrainError:0.12710717, TrainErrorChange:-3.556907E-5, TrainAccuracy: 0.9585122
Epoch:436, Time:1ms, TrainError:0.12707178, TrainErrorChange:-3.5390258E-5, TrainAccuracy: 0.9585122
Epoch:437, Time:1ms, TrainError:0.12703651, TrainErrorChange:-3.527105E-5, TrainAccuracy: 0.9585122
Epoch:438, Time:0ms, TrainError:0.12700129, TrainErrorChange:-3.5226345E-5, TrainAccuracy: 0.9585122
Epoch:439, Time:0ms, TrainError:0.12696621, TrainErrorChange:-3.5077333E-5, TrainAccuracy: 0.9585122
Epoch:440, Time:1ms, TrainError:0.12693135, TrainErrorChange:-3.4853816E-5, TrainAccuracy: 0.9585122
Epoch:441, Time:1ms, TrainError:0.12689634, TrainErrorChange:-3.501773E-5, TrainAccuracy: 0.9585122
Epoch:442, Time:1ms, TrainError:0.12686163, TrainErrorChange:-3.4704804E-5, TrainAccuracy: 0.9585122
Epoch:443, Time:0ms, TrainError:0.12682706, TrainErrorChange:-3.4570694E-5, TrainAccuracy: 0.9585122
Epoch:444, Time:0ms, TrainError:0.12679243, TrainErrorChange:-3.46303E-5, TrainAccuracy: 0.9585122
Epoch:445, Time:1ms, TrainError:0.12675792, TrainErrorChange:-3.451109E-5, TrainAccuracy: 0.9585122
Epoch:446, Time:1ms, TrainError:0.12672365, TrainErrorChange:-3.427267E-5, TrainAccuracy: 0.9585122
Epoch:447, Time:1ms, TrainError:0.12668942, TrainErrorChange:-3.4227967E-5, TrainAccuracy: 0.9585122
Epoch:448, Time:0ms, TrainError:0.12665541, TrainErrorChange:-3.400445E-5, TrainAccuracy: 0.9585122
Epoch:449, Time:0ms, TrainError:0.12662129, TrainErrorChange:-3.412366E-5, TrainAccuracy: 0.9585122
Epoch:450, Time:1ms, TrainError:0.12658738, TrainErrorChange:-3.3915043E-5, TrainAccuracy: 0.9585122
Epoch:451, Time:1ms, TrainError:0.12655364, TrainErrorChange:-3.373623E-5, TrainAccuracy: 0.9585122
Epoch:452, Time:1ms, TrainError:0.12651977, TrainErrorChange:-3.387034E-5, TrainAccuracy: 0.9585122
Epoch:453, Time:0ms, TrainError:0.12648623, TrainErrorChange:-3.3542514E-5, TrainAccuracy: 0.9585122
Epoch:454, Time:0ms, TrainError:0.12645268, TrainErrorChange:-3.3542514E-5, TrainAccuracy: 0.9585122
Epoch:455, Time:1ms, TrainError:0.1264193, TrainErrorChange:-3.33786E-5, TrainAccuracy: 0.9585122
Epoch:456, Time:1ms, TrainError:0.12638596, TrainErrorChange:-3.33488E-5, TrainAccuracy: 0.9585122
Epoch:457, Time:1ms, TrainError:0.12635265, TrainErrorChange:-3.3304095E-5, TrainAccuracy: 0.9585122
Epoch:458, Time:0ms, TrainError:0.12631945, TrainErrorChange:-3.3199787E-5, TrainAccuracy: 0.9585122
Epoch:459, Time:0ms, TrainError:0.12628652, TrainErrorChange:-3.2931566E-5, TrainAccuracy: 0.9585122
Epoch:460, Time:1ms, TrainError:0.1262535, TrainErrorChange:-3.3020973E-5, TrainAccuracy: 0.9585122
Epoch:461, Time:1ms, TrainError:0.1262207, TrainErrorChange:-3.2797456E-5, TrainAccuracy: 0.9585122
Epoch:462, Time:0ms, TrainError:0.12618792, TrainErrorChange:-3.2782555E-5, TrainAccuracy: 0.9585122
Epoch:463, Time:0ms, TrainError:0.12615524, TrainErrorChange:-3.2678246E-5, TrainAccuracy: 0.9585122
Epoch:464, Time:1ms, TrainError:0.12612256, TrainErrorChange:-3.2678246E-5, TrainAccuracy: 0.9585122
Epoch:465, Time:1ms, TrainError:0.12609008, TrainErrorChange:-3.248453E-5, TrainAccuracy: 0.9585122
Epoch:466, Time:1ms, TrainError:0.1260577, TrainErrorChange:-3.2380223E-5, TrainAccuracy: 0.9585122
Epoch:467, Time:0ms, TrainError:0.12602538, TrainErrorChange:-3.232062E-5, TrainAccuracy: 0.9585122
Epoch:468, Time:0ms, TrainError:0.12599315, TrainErrorChange:-3.223121E-5, TrainAccuracy: 0.9585122
Epoch:469, Time:1ms, TrainError:0.12596105, TrainErrorChange:-3.20971E-5, TrainAccuracy: 0.9585122
Epoch:470, Time:1ms, TrainError:0.12592901, TrainErrorChange:-3.2037497E-5, TrainAccuracy: 0.9585122
Epoch:471, Time:1ms, TrainError:0.12589702, TrainErrorChange:-3.1992793E-5, TrainAccuracy: 0.9585122
Epoch:472, Time:1ms, TrainError:0.12586518, TrainErrorChange:-3.184378E-5, TrainAccuracy: 0.9585122
Epoch:473, Time:0ms, TrainError:0.12583338, TrainErrorChange:-3.1799078E-5, TrainAccuracy: 0.9585122
Epoch:474, Time:0ms, TrainError:0.12580162, TrainErrorChange:-3.1754375E-5, TrainAccuracy: 0.9585122
Epoch:475, Time:1ms, TrainError:0.12577, TrainErrorChange:-3.1620264E-5, TrainAccuracy: 0.9585122
Epoch:476, Time:1ms, TrainError:0.12573847, TrainErrorChange:-3.1530857E-5, TrainAccuracy: 0.9585122
Epoch:477, Time:1ms, TrainError:0.12570703, TrainErrorChange:-3.144145E-5, TrainAccuracy: 0.9585122
Epoch:478, Time:1ms, TrainError:0.1256756, TrainErrorChange:-3.142655E-5, TrainAccuracy: 0.9585122
Epoch:479, Time:0ms, TrainError:0.12564437, TrainErrorChange:-3.1232834E-5, TrainAccuracy: 0.9585122
Epoch:480, Time:0ms, TrainError:0.12561315, TrainErrorChange:-3.1217933E-5, TrainAccuracy: 0.9585122
Epoch:481, Time:1ms, TrainError:0.12558201, TrainErrorChange:-3.1143427E-5, TrainAccuracy: 0.9585122
Epoch:482, Time:1ms, TrainError:0.12555097, TrainErrorChange:-3.103912E-5, TrainAccuracy: 0.9585122
Epoch:483, Time:1ms, TrainError:0.12552, TrainErrorChange:-3.0964613E-5, TrainAccuracy: 0.9585122
Epoch:484, Time:0ms, TrainError:0.12548913, TrainErrorChange:-3.0875206E-5, TrainAccuracy: 0.9585122
Epoch:485, Time:0ms, TrainError:0.12545826, TrainErrorChange:-3.0875206E-5, TrainAccuracy: 0.9585122
Epoch:486, Time:1ms, TrainError:0.1254276, TrainErrorChange:-3.065169E-5, TrainAccuracy: 0.9585122
Epoch:487, Time:1ms, TrainError:0.12539692, TrainErrorChange:-3.068149E-5, TrainAccuracy: 0.9585122
Epoch:488, Time:1ms, TrainError:0.12536636, TrainErrorChange:-3.056228E-5, TrainAccuracy: 0.9585122
Epoch:489, Time:0ms, TrainError:0.1253359, TrainErrorChange:-3.0457973E-5, TrainAccuracy: 0.9585122
Epoch:490, Time:0ms, TrainError:0.12530544, TrainErrorChange:-3.0457973E-5, TrainAccuracy: 0.9585122
Epoch:491, Time:1ms, TrainError:0.12527509, TrainErrorChange:-3.0353665E-5, TrainAccuracy: 0.9585122
Epoch:492, Time:1ms, TrainError:0.12524481, TrainErrorChange:-3.027916E-5, TrainAccuracy: 0.9585122
Epoch:493, Time:1ms, TrainError:0.12521462, TrainErrorChange:-3.0189753E-5, TrainAccuracy: 0.9585122
Epoch:494, Time:0ms, TrainError:0.12518457, TrainErrorChange:-3.0055642E-5, TrainAccuracy: 0.9585122
Epoch:495, Time:0ms, TrainError:0.12515457, TrainErrorChange:-2.9996037E-5, TrainAccuracy: 0.9585122
Epoch:496, Time:1ms, TrainError:0.1251245, TrainErrorChange:-3.0070543E-5, TrainAccuracy: 0.9585122
Epoch:497, Time:1ms, TrainError:0.1250946, TrainErrorChange:-2.990663E-5, TrainAccuracy: 0.9585122
Epoch:498, Time:1ms, TrainError:0.1250648, TrainErrorChange:-2.9787421E-5, TrainAccuracy: 0.9585122
Epoch:499, Time:0ms, TrainError:0.12503506, TrainErrorChange:-2.9742718E-5, TrainAccuracy: 0.9585122
Epoch:500, Time:0ms, TrainError:0.1250054, TrainErrorChange:-2.9668212E-5, TrainAccuracy: 0.9585122
Epoch:501, Time:0ms, TrainError:0.124975696, TrainErrorChange:-2.9698014E-5, TrainAccuracy: 0.9585122
Epoch:502, Time:1ms, TrainError:0.12494629, TrainErrorChange:-2.9407442E-5, TrainAccuracy: 0.9585122
Epoch:503, Time:1ms, TrainError:0.124916784, TrainErrorChange:-2.95043E-5, TrainAccuracy: 0.95994276
Epoch:504, Time:0ms, TrainError:0.124887414, TrainErrorChange:-2.9370189E-5, TrainAccuracy: 0.95994276
Epoch:505, Time:0ms, TrainError:0.124858096, TrainErrorChange:-2.9318035E-5, TrainAccuracy: 0.95994276
Epoch:506, Time:0ms, TrainError:0.12482889, TrainErrorChange:-2.9206276E-5, TrainAccuracy: 0.95994276
Epoch:507, Time:1ms, TrainError:0.12479969, TrainErrorChange:-2.9198825E-5, TrainAccuracy: 0.95994276
Epoch:508, Time:1ms, TrainError:0.124770515, TrainErrorChange:-2.9176474E-5, TrainAccuracy: 0.95994276
Epoch:509, Time:1ms, TrainError:0.12474151, TrainErrorChange:-2.900511E-5, TrainAccuracy: 0.95994276
Epoch:510, Time:0ms, TrainError:0.1247125, TrainErrorChange:-2.901256E-5, TrainAccuracy: 0.95994276
Epoch:511, Time:0ms, TrainError:0.12468356, TrainErrorChange:-2.8938055E-5, TrainAccuracy: 0.95994276
Epoch:512, Time:0ms, TrainError:0.12465473, TrainErrorChange:-2.8826296E-5, TrainAccuracy: 0.95994276
Epoch:513, Time:1ms, TrainError:0.12462604, TrainErrorChange:-2.8692186E-5, TrainAccuracy: 0.95994276
Epoch:514, Time:1ms, TrainError:0.12459728, TrainErrorChange:-2.8759241E-5, TrainAccuracy: 0.95994276
Epoch:515, Time:0ms, TrainError:0.124568604, TrainErrorChange:-2.8677285E-5, TrainAccuracy: 0.95994276
Epoch:516, Time:0ms, TrainError:0.124540046, TrainErrorChange:-2.8558075E-5, TrainAccuracy: 0.95994276
Epoch:517, Time:1ms, TrainError:0.124511525, TrainErrorChange:-2.8520823E-5, TrainAccuracy: 0.95994276
Epoch:518, Time:1ms, TrainError:0.12448319, TrainErrorChange:-2.8334558E-5, TrainAccuracy: 0.95994276
Epoch:519, Time:0ms, TrainError:0.124454714, TrainErrorChange:-2.8476119E-5, TrainAccuracy: 0.95994276
Epoch:520, Time:0ms, TrainError:0.124426395, TrainErrorChange:-2.8319657E-5, TrainAccuracy: 0.95994276
Epoch:521, Time:1ms, TrainError:0.12439817, TrainErrorChange:-2.82228E-5, TrainAccuracy: 0.95994276
Epoch:522, Time:1ms, TrainError:0.12436997, TrainErrorChange:-2.8200448E-5, TrainAccuracy: 0.95994276
Epoch:523, Time:1ms, TrainError:0.12434186, TrainErrorChange:-2.811104E-5, TrainAccuracy: 0.95994276
Epoch:524, Time:1ms, TrainError:0.12431371, TrainErrorChange:-2.8148293E-5, TrainAccuracy: 0.95994276
Epoch:525, Time:0ms, TrainError:0.12428573, TrainErrorChange:-2.798438E-5, TrainAccuracy: 0.95994276
Epoch:526, Time:0ms, TrainError:0.12425786, TrainErrorChange:-2.7865171E-5, TrainAccuracy: 0.95994276
Epoch:527, Time:1ms, TrainError:0.12422997, TrainErrorChange:-2.7894974E-5, TrainAccuracy: 0.95994276
Epoch:528, Time:1ms, TrainError:0.12420217, TrainErrorChange:-2.7798116E-5, TrainAccuracy: 0.95994276
Epoch:529, Time:0ms, TrainError:0.12417442, TrainErrorChange:-2.7745962E-5, TrainAccuracy: 0.95994276
Epoch:530, Time:0ms, TrainError:0.124146685, TrainErrorChange:-2.7738512E-5, TrainAccuracy: 0.95994276
Epoch:531, Time:1ms, TrainError:0.12411906, TrainErrorChange:-2.7626753E-5, TrainAccuracy: 0.95994276
Epoch:532, Time:1ms, TrainError:0.1240915, TrainErrorChange:-2.7559698E-5, TrainAccuracy: 0.95994276
Epoch:533, Time:0ms, TrainError:0.124063976, TrainErrorChange:-2.7522445E-5, TrainAccuracy: 0.95994276
Epoch:534, Time:0ms, TrainError:0.12403651, TrainErrorChange:-2.746284E-5, TrainAccuracy: 0.95994276
Epoch:535, Time:1ms, TrainError:0.124009095, TrainErrorChange:-2.7418137E-5, TrainAccuracy: 0.95994276
Epoch:536, Time:1ms, TrainError:0.12398169, TrainErrorChange:-2.7403235E-5, TrainAccuracy: 0.95994276
Epoch:537, Time:0ms, TrainError:0.12395444, TrainErrorChange:-2.7254224E-5, TrainAccuracy: 0.95994276
Epoch:538, Time:0ms, TrainError:0.123927325, TrainErrorChange:-2.7112663E-5, TrainAccuracy: 0.95994276
Epoch:539, Time:0ms, TrainError:0.12390001, TrainErrorChange:-2.7313828E-5, TrainAccuracy: 0.95994276
Epoch:540, Time:1ms, TrainError:0.12387285, TrainErrorChange:-2.7164817E-5, TrainAccuracy: 0.95994276
Epoch:541, Time:1ms, TrainError:0.1238458, TrainErrorChange:-2.7045608E-5, TrainAccuracy: 0.95994276
Epoch:542, Time:1ms, TrainError:0.12381882, TrainErrorChange:-2.6978552E-5, TrainAccuracy: 0.95994276
Epoch:543, Time:0ms, TrainError:0.123791926, TrainErrorChange:-2.6896596E-5, TrainAccuracy: 0.95994276
Epoch:544, Time:0ms, TrainError:0.123764925, TrainErrorChange:-2.7000904E-5, TrainAccuracy: 0.95994276
Epoch:545, Time:1ms, TrainError:0.1237381, TrainErrorChange:-2.682209E-5, TrainAccuracy: 0.95994276
Epoch:546, Time:1ms, TrainError:0.12371133, TrainErrorChange:-2.6769936E-5, TrainAccuracy: 0.95994276
Epoch:547, Time:1ms, TrainError:0.12368458, TrainErrorChange:-2.6755035E-5, TrainAccuracy: 0.95994276
Epoch:548, Time:0ms, TrainError:0.12365797, TrainErrorChange:-2.6606023E-5, TrainAccuracy: 0.95994276
Epoch:549, Time:0ms, TrainError:0.123631306, TrainErrorChange:-2.6665628E-5, TrainAccuracy: 0.95994276
Epoch:550, Time:1ms, TrainError:0.12360473, TrainErrorChange:-2.6576221E-5, TrainAccuracy: 0.95994276
Epoch:551, Time:1ms, TrainError:0.12357823, TrainErrorChange:-2.6501715E-5, TrainAccuracy: 0.95994276
Epoch:552, Time:0ms, TrainError:0.123551704, TrainErrorChange:-2.6524067E-5, TrainAccuracy: 0.95994276
Epoch:553, Time:0ms, TrainError:0.12352542, TrainErrorChange:-2.6285648E-5, TrainAccuracy: 0.95994276
Epoch:554, Time:1ms, TrainError:0.12349906, TrainErrorChange:-2.6360154E-5, TrainAccuracy: 0.95994276
Epoch:555, Time:1ms, TrainError:0.123472705, TrainErrorChange:-2.6352704E-5, TrainAccuracy: 0.95994276
Epoch:556, Time:1ms, TrainError:0.1234464, TrainErrorChange:-2.6308E-5, TrainAccuracy: 0.95994276
Epoch:557, Time:0ms, TrainError:0.123420134, TrainErrorChange:-2.6263297E-5, TrainAccuracy: 0.95994276
Epoch:558, Time:0ms, TrainError:0.123394065, TrainErrorChange:-2.6069582E-5, TrainAccuracy: 0.95994276
Epoch:559, Time:1ms, TrainError:0.123367846, TrainErrorChange:-2.6218593E-5, TrainAccuracy: 0.95994276
Epoch:560, Time:1ms, TrainError:0.1233418, TrainErrorChange:-2.604723E-5, TrainAccuracy: 0.95994276
Epoch:561, Time:1ms, TrainError:0.123315826, TrainErrorChange:-2.5972724E-5, TrainAccuracy: 0.95994276
Epoch:562, Time:0ms, TrainError:0.123289846, TrainErrorChange:-2.5980175E-5, TrainAccuracy: 0.95994276
Epoch:563, Time:0ms, TrainError:0.123264015, TrainErrorChange:-2.5831163E-5, TrainAccuracy: 0.95994276
Epoch:564, Time:0ms, TrainError:0.12323807, TrainErrorChange:-2.5942922E-5, TrainAccuracy: 0.95994276
Epoch:565, Time:1ms, TrainError:0.12321224, TrainErrorChange:-2.5831163E-5, TrainAccuracy: 0.95994276
Epoch:566, Time:1ms, TrainError:0.12318652, TrainErrorChange:-2.5719404E-5, TrainAccuracy: 0.95994276
Epoch:567, Time:1ms, TrainError:0.12316076, TrainErrorChange:-2.5764108E-5, TrainAccuracy: 0.95994276
Epoch:568, Time:0ms, TrainError:0.123135135, TrainErrorChange:-2.5622547E-5, TrainAccuracy: 0.95994276
Epoch:569, Time:0ms, TrainError:0.12310945, TrainErrorChange:-2.5682151E-5, TrainAccuracy: 0.95994276
Epoch:570, Time:1ms, TrainError:0.123083875, TrainErrorChange:-2.5577843E-5, TrainAccuracy: 0.95994276
Epoch:571, Time:1ms, TrainError:0.123058334, TrainErrorChange:-2.554059E-5, TrainAccuracy: 0.95994276
Epoch:572, Time:1ms, TrainError:0.12303284, TrainErrorChange:-2.5495887E-5, TrainAccuracy: 0.95994276
Epoch:573, Time:0ms, TrainError:0.123007275, TrainErrorChange:-2.5562942E-5, TrainAccuracy: 0.95994276
Epoch:574, Time:0ms, TrainError:0.12298204, TrainErrorChange:-2.5235116E-5, TrainAccuracy: 0.95994276
Epoch:575, Time:1ms, TrainError:0.12295664, TrainErrorChange:-2.539903E-5, TrainAccuracy: 0.9613734
Epoch:576, Time:1ms, TrainError:0.12293128, TrainErrorChange:-2.5361776E-5, TrainAccuracy: 0.9613734
Epoch:577, Time:1ms, TrainError:0.122906044, TrainErrorChange:-2.5235116E-5, TrainAccuracy: 0.9613734
Epoch:578, Time:0ms, TrainError:0.122880764, TrainErrorChange:-2.527982E-5, TrainAccuracy: 0.9613734
Epoch:579, Time:0ms, TrainError:0.12285565, TrainErrorChange:-2.5115907E-5, TrainAccuracy: 0.9613734
Epoch:580, Time:1ms, TrainError:0.12283048, TrainErrorChange:-2.5168061E-5, TrainAccuracy: 0.9613734
Epoch:581, Time:1ms, TrainError:0.122805506, TrainErrorChange:-2.4974346E-5, TrainAccuracy: 0.9613734
Epoch:582, Time:1ms, TrainError:0.122780405, TrainErrorChange:-2.5101006E-5, TrainAccuracy: 0.95994276
Epoch:583, Time:0ms, TrainError:0.122755386, TrainErrorChange:-2.501905E-5, TrainAccuracy: 0.95994276
Epoch:584, Time:0ms, TrainError:0.12273048, TrainErrorChange:-2.4907291E-5, TrainAccuracy: 0.95994276
Epoch:585, Time:1ms, TrainError:0.12270555, TrainErrorChange:-2.4929643E-5, TrainAccuracy: 0.95994276
Epoch:586, Time:1ms, TrainError:0.12268064, TrainErrorChange:-2.4907291E-5, TrainAccuracy: 0.95994276
Epoch:587, Time:1ms, TrainError:0.122655876, TrainErrorChange:-2.476573E-5, TrainAccuracy: 0.95994276
Epoch:588, Time:0ms, TrainError:0.12263108, TrainErrorChange:-2.4795532E-5, TrainAccuracy: 0.95994276
Epoch:589, Time:0ms, TrainError:0.12260634, TrainErrorChange:-2.4743378E-5, TrainAccuracy: 0.95994276
Epoch:590, Time:0ms, TrainError:0.1225816, TrainErrorChange:-2.4735928E-5, TrainAccuracy: 0.95994276
Epoch:591, Time:0ms, TrainError:0.122556955, TrainErrorChange:-2.464652E-5, TrainAccuracy: 0.95994276
Epoch:592, Time:1ms, TrainError:0.12253235, TrainErrorChange:-2.4601817E-5, TrainAccuracy: 0.95994276
Epoch:593, Time:1ms, TrainError:0.12250774, TrainErrorChange:-2.4609268E-5, TrainAccuracy: 0.95994276
Epoch:594, Time:1ms, TrainError:0.12248326, TrainErrorChange:-2.4482608E-5, TrainAccuracy: 0.95994276
Epoch:595, Time:1ms, TrainError:0.12245869, TrainErrorChange:-2.4572015E-5, TrainAccuracy: 0.95994276
Epoch:596, Time:0ms, TrainError:0.12243422, TrainErrorChange:-2.4467707E-5, TrainAccuracy: 0.95994276
Epoch:597, Time:0ms, TrainError:0.12240986, TrainErrorChange:-2.4363399E-5, TrainAccuracy: 0.95994276
Epoch:598, Time:0ms, TrainError:0.122385465, TrainErrorChange:-2.43932E-5, TrainAccuracy: 0.95994276
Epoch:599, Time:0ms, TrainError:0.122361146, TrainErrorChange:-2.4318695E-5, TrainAccuracy: 0.95994276
Epoch:600, Time:1ms, TrainError:0.12233694, TrainErrorChange:-2.4206936E-5, TrainAccuracy: 0.95994276
Epoch:601, Time:1ms, TrainError:0.122312546, TrainErrorChange:-2.43932E-5, TrainAccuracy: 0.95994276
Epoch:602, Time:1ms, TrainError:0.12228847, TrainErrorChange:-2.4072826E-5, TrainAccuracy: 0.95994276
Epoch:603, Time:1ms, TrainError:0.12226424, TrainErrorChange:-2.4229288E-5, TrainAccuracy: 0.95994276
Epoch:604, Time:0ms, TrainError:0.12224013, TrainErrorChange:-2.4110079E-5, TrainAccuracy: 0.95994276
Epoch:605, Time:0ms, TrainError:0.12221609, TrainErrorChange:-2.4043024E-5, TrainAccuracy: 0.95994276
Epoch:606, Time:1ms, TrainError:0.12219198, TrainErrorChange:-2.4110079E-5, TrainAccuracy: 0.95994276
Epoch:607, Time:1ms, TrainError:0.12216801, TrainErrorChange:-2.3968518E-5, TrainAccuracy: 0.95994276
Epoch:608, Time:1ms, TrainError:0.122144, TrainErrorChange:-2.4013221E-5, TrainAccuracy: 0.95994276
Epoch:609, Time:1ms, TrainError:0.12212012, TrainErrorChange:-2.387911E-5, TrainAccuracy: 0.95994276
Epoch:610, Time:0ms, TrainError:0.12209611, TrainErrorChange:-2.4013221E-5, TrainAccuracy: 0.95994276
Epoch:611, Time:0ms, TrainError:0.1220723, TrainErrorChange:-2.3804605E-5, TrainAccuracy: 0.95994276
Epoch:612, Time:0ms, TrainError:0.12204851, TrainErrorChange:-2.3789704E-5, TrainAccuracy: 0.95994276
Epoch:613, Time:1ms, TrainError:0.122024626, TrainErrorChange:-2.3886561E-5, TrainAccuracy: 0.95994276
Epoch:614, Time:1ms, TrainError:0.12200099, TrainErrorChange:-2.3633242E-5, TrainAccuracy: 0.95994276
Epoch:615, Time:1ms, TrainError:0.12197719, TrainErrorChange:-2.3804605E-5, TrainAccuracy: 0.95994276
Epoch:616, Time:0ms, TrainError:0.12195347, TrainErrorChange:-2.3715198E-5, TrainAccuracy: 0.95994276
Epoch:617, Time:0ms, TrainError:0.12192979, TrainErrorChange:-2.3685396E-5, TrainAccuracy: 0.95994276
Epoch:618, Time:0ms, TrainError:0.12190625, TrainErrorChange:-2.3536384E-5, TrainAccuracy: 0.95994276
Epoch:619, Time:0ms, TrainError:0.12188263, TrainErrorChange:-2.361834E-5, TrainAccuracy: 0.95994276
Epoch:620, Time:1ms, TrainError:0.121859126, TrainErrorChange:-2.3506582E-5, TrainAccuracy: 0.95994276
Epoch:621, Time:1ms, TrainError:0.12183566, TrainErrorChange:-2.3469329E-5, TrainAccuracy: 0.95994276
Epoch:622, Time:1ms, TrainError:0.121812135, TrainErrorChange:-2.3521483E-5, TrainAccuracy: 0.95994276
Epoch:623, Time:0ms, TrainError:0.121788725, TrainErrorChange:-2.3409724E-5, TrainAccuracy: 0.95994276
Epoch:624, Time:0ms, TrainError:0.12176527, TrainErrorChange:-2.3454428E-5, TrainAccuracy: 0.95994276
Epoch:625, Time:1ms, TrainError:0.12174185, TrainErrorChange:-2.3417175E-5, TrainAccuracy: 0.95994276
Epoch:626, Time:1ms, TrainError:0.12171854, TrainErrorChange:-2.3312867E-5, TrainAccuracy: 0.95994276
Epoch:627, Time:1ms, TrainError:0.12169526, TrainErrorChange:-2.3283064E-5, TrainAccuracy: 0.95994276
Epoch:628, Time:0ms, TrainError:0.121671945, TrainErrorChange:-2.3312867E-5, TrainAccuracy: 0.95994276
Epoch:629, Time:0ms, TrainError:0.12164873, TrainErrorChange:-2.321601E-5, TrainAccuracy: 0.95994276
Epoch:630, Time:1ms, TrainError:0.121625476, TrainErrorChange:-2.3253262E-5, TrainAccuracy: 0.95994276
Epoch:631, Time:1ms, TrainError:0.12160232, TrainErrorChange:-2.3156404E-5, TrainAccuracy: 0.95994276
Epoch:632, Time:1ms, TrainError:0.12157912, TrainErrorChange:-2.3201108E-5, TrainAccuracy: 0.95994276
Epoch:633, Time:0ms, TrainError:0.121556096, TrainErrorChange:-2.3022294E-5, TrainAccuracy: 0.95994276
Epoch:634, Time:0ms, TrainError:0.121533014, TrainErrorChange:-2.3081899E-5, TrainAccuracy: 0.95994276
Epoch:635, Time:1ms, TrainError:0.12150999, TrainErrorChange:-2.3022294E-5, TrainAccuracy: 0.95994276
Epoch:636, Time:1ms, TrainError:0.121486895, TrainErrorChange:-2.30968E-5, TrainAccuracy: 0.95994276
Epoch:637, Time:1ms, TrainError:0.12146385, TrainErrorChange:-2.3044646E-5, TrainAccuracy: 0.95994276
Epoch:638, Time:0ms, TrainError:0.12144098, TrainErrorChange:-2.2873282E-5, TrainAccuracy: 0.95994276
Epoch:639, Time:0ms, TrainError:0.12141813, TrainErrorChange:-2.284348E-5, TrainAccuracy: 0.95994276
Epoch:640, Time:1ms, TrainError:0.12139519, TrainErrorChange:-2.2940338E-5, TrainAccuracy: 0.95994276
Epoch:641, Time:1ms, TrainError:0.12137231, TrainErrorChange:-2.2880733E-5, TrainAccuracy: 0.95994276
Epoch:642, Time:1ms, TrainError:0.121349536, TrainErrorChange:-2.2776425E-5, TrainAccuracy: 0.95994276
Epoch:643, Time:0ms, TrainError:0.12132667, TrainErrorChange:-2.2865832E-5, TrainAccuracy: 0.95994276
Epoch:644, Time:0ms, TrainError:0.12130386, TrainErrorChange:-2.2813678E-5, TrainAccuracy: 0.95994276
Epoch:645, Time:1ms, TrainError:0.12128113, TrainErrorChange:-2.272427E-5, TrainAccuracy: 0.95994276
Epoch:646, Time:1ms, TrainError:0.121258505, TrainErrorChange:-2.2627413E-5, TrainAccuracy: 0.9585122
Epoch:647, Time:1ms, TrainError:0.121235795, TrainErrorChange:-2.270937E-5, TrainAccuracy: 0.9585122
Epoch:648, Time:0ms, TrainError:0.121213146, TrainErrorChange:-2.2649765E-5, TrainAccuracy: 0.9585122
Epoch:649, Time:0ms, TrainError:0.12119052, TrainErrorChange:-2.2627413E-5, TrainAccuracy: 0.9585122
Epoch:650, Time:1ms, TrainError:0.12116789, TrainErrorChange:-2.2627413E-5, TrainAccuracy: 0.9585122
Epoch:651, Time:1ms, TrainError:0.121145286, TrainErrorChange:-2.2605062E-5, TrainAccuracy: 0.9585122
Epoch:652, Time:1ms, TrainError:0.12112287, TrainErrorChange:-2.2418797E-5, TrainAccuracy: 0.9585122
Epoch:653, Time:0ms, TrainError:0.12110031, TrainErrorChange:-2.2560358E-5, TrainAccuracy: 0.9585122
Epoch:654, Time:0ms, TrainError:0.12107786, TrainErrorChange:-2.24486E-5, TrainAccuracy: 0.9585122
Epoch:655, Time:1ms, TrainError:0.12105537, TrainErrorChange:-2.2485852E-5, TrainAccuracy: 0.9585122
Epoch:656, Time:1ms, TrainError:0.12103293, TrainErrorChange:-2.2441149E-5, TrainAccuracy: 0.9585122
Epoch:657, Time:1ms, TrainError:0.1210106, TrainErrorChange:-2.232939E-5, TrainAccuracy: 0.9585122
Epoch:658, Time:0ms, TrainError:0.120988235, TrainErrorChange:-2.2366643E-5, TrainAccuracy: 0.9585122
Epoch:659, Time:0ms, TrainError:0.12096585, TrainErrorChange:-2.2381544E-5, TrainAccuracy: 0.9585122
Epoch:660, Time:1ms, TrainError:0.12094363, TrainErrorChange:-2.2225082E-5, TrainAccuracy: 0.9585122
Epoch:661, Time:1ms, TrainError:NaN, TrainErrorChange:NaN, TrainAccuracy: 0.9585122
The training was interrupted due to NaN value before completing all Epochs. Epochs completed: 661/5000

TRAINING COMPLETED
Total Training Time: 580ms
------------------------------------------------------------------------
------------------------------------------------------------------------------------------------------------------------------------------------
TRAINING NEURAL NETWORK
------------------------------------------------------------------------------------------------------------------------------------------------
Epoch:1, Time:21ms, TrainError:0.68035734, TrainErrorChange:0.68035734, TrainAccuracy: 0.77253217
Epoch:2, Time:1ms, TrainError:0.6088946, TrainErrorChange:-0.07146275, TrainAccuracy: 0.8612303
Epoch:3, Time:1ms, TrainError:0.5585127, TrainErrorChange:-0.0503819, TrainAccuracy: 0.8955651
Epoch:4, Time:1ms, TrainError:0.51866907, TrainErrorChange:-0.03984362, TrainAccuracy: 0.90414876
Epoch:5, Time:0ms, TrainError:0.48541456, TrainErrorChange:-0.033254504, TrainAccuracy: 0.9055794
Epoch:6, Time:0ms, TrainError:0.4570118, TrainErrorChange:-0.028402776, TrainAccuracy: 0.8998569
Epoch:7, Time:0ms, TrainError:0.43248355, TrainErrorChange:-0.024528235, TrainAccuracy: 0.90128756
Epoch:8, Time:0ms, TrainError:0.4111562, TrainErrorChange:-0.021327347, TrainAccuracy: 0.90414876
Epoch:9, Time:0ms, TrainError:0.39250416, TrainErrorChange:-0.018652052, TrainAccuracy: 0.9055794
Epoch:10, Time:0ms, TrainError:0.37610552, TrainErrorChange:-0.016398638, TrainAccuracy: 0.9055794
Epoch:11, Time:1ms, TrainError:0.3616118, TrainErrorChange:-0.014493704, TrainAccuracy: 0.9055794
Epoch:12, Time:1ms, TrainError:0.34873646, TrainErrorChange:-0.012875348, TrainAccuracy: 0.90701
Epoch:13, Time:1ms, TrainError:0.33724254, TrainErrorChange:-0.011493921, TrainAccuracy: 0.90844065
Epoch:14, Time:1ms, TrainError:0.32693285, TrainErrorChange:-0.010309696, TrainAccuracy: 0.91130185
Epoch:15, Time:1ms, TrainError:0.31764406, TrainErrorChange:-0.009288788, TrainAccuracy: 0.91130185
Epoch:16, Time:1ms, TrainError:0.30923873, TrainErrorChange:-0.008405328, TrainAccuracy: 0.91130185
Epoch:17, Time:1ms, TrainError:0.30160138, TrainErrorChange:-0.0076373518, TrainAccuracy: 0.91130185
Epoch:18, Time:1ms, TrainError:0.29463413, TrainErrorChange:-0.0069672465, TrainAccuracy: 0.9127325
Epoch:19, Time:1ms, TrainError:0.2882553, TrainErrorChange:-0.0063788295, TrainAccuracy: 0.9141631
Epoch:20, Time:1ms, TrainError:0.28239405, TrainErrorChange:-0.0058612525, TrainAccuracy: 0.9141631
Epoch:21, Time:1ms, TrainError:0.27699, TrainErrorChange:-0.005404055, TrainAccuracy: 0.9141631
Epoch:22, Time:1ms, TrainError:0.27199122, TrainErrorChange:-0.0049987733, TrainAccuracy: 0.9141631
Epoch:23, Time:1ms, TrainError:0.26735374, TrainErrorChange:-0.00463748, TrainAccuracy: 0.9155937
Epoch:24, Time:1ms, TrainError:0.26303872, TrainErrorChange:-0.0043150187, TrainAccuracy: 0.9155937
Epoch:25, Time:1ms, TrainError:0.25901285, TrainErrorChange:-0.0040258765, TrainAccuracy: 0.9155937
Epoch:26, Time:1ms, TrainError:0.25524667, TrainErrorChange:-0.003766179, TrainAccuracy: 0.9155937
Epoch:27, Time:1ms, TrainError:0.2517154, TrainErrorChange:-0.0035312772, TrainAccuracy: 0.91845495
Epoch:28, Time:1ms, TrainError:0.24839614, TrainErrorChange:-0.0033192486, TrainAccuracy: 0.9198856
Epoch:29, Time:1ms, TrainError:0.2452694, TrainErrorChange:-0.0031267405, TrainAccuracy: 0.9198856
Epoch:30, Time:1ms, TrainError:0.24231857, TrainErrorChange:-0.0029508322, TrainAccuracy: 0.92131615
Epoch:31, Time:1ms, TrainError:0.23952758, TrainErrorChange:-0.0027909875, TrainAccuracy: 0.9227468
Epoch:32, Time:1ms, TrainError:0.23688322, TrainErrorChange:-0.00264436, TrainAccuracy: 0.92560804
Epoch:33, Time:1ms, TrainError:0.23437332, TrainErrorChange:-0.002509907, TrainAccuracy: 0.9270386
Epoch:34, Time:1ms, TrainError:0.23198722, TrainErrorChange:-0.0023860931, TrainAccuracy: 0.9270386
Epoch:35, Time:1ms, TrainError:0.22971557, TrainErrorChange:-0.0022716522, TrainAccuracy: 0.9270386
Epoch:36, Time:1ms, TrainError:0.22754912, TrainErrorChange:-0.00216645, TrainAccuracy: 0.92560804
Epoch:37, Time:1ms, TrainError:0.22548044, TrainErrorChange:-0.0020686835, TrainAccuracy: 0.92560804
Epoch:38, Time:1ms, TrainError:0.22350271, TrainErrorChange:-0.0019777268, TrainAccuracy: 0.9270386
Epoch:39, Time:1ms, TrainError:0.22160916, TrainErrorChange:-0.0018935502, TrainAccuracy: 0.9270386
Epoch:40, Time:1ms, TrainError:0.21979444, TrainErrorChange:-0.001814723, TrainAccuracy: 0.9270386
Epoch:41, Time:1ms, TrainError:0.21805288, TrainErrorChange:-0.0017415583, TrainAccuracy: 0.9270386
Epoch:42, Time:1ms, TrainError:0.21638006, TrainErrorChange:-0.0016728193, TrainAccuracy: 0.9270386
Epoch:43, Time:1ms, TrainError:0.21477163, TrainErrorChange:-0.0016084313, TrainAccuracy: 0.9270386
Epoch:44, Time:1ms, TrainError:0.21322381, TrainErrorChange:-0.0015478134, TrainAccuracy: 0.92846924
Epoch:45, Time:1ms, TrainError:0.21173246, TrainErrorChange:-0.0014913529, TrainAccuracy: 0.9298999
Epoch:46, Time:0ms, TrainError:0.21029474, TrainErrorChange:-0.0014377236, TrainAccuracy: 0.93133044
Epoch:47, Time:0ms, TrainError:0.20890716, TrainErrorChange:-0.0013875812, TrainAccuracy: 0.93133044
Epoch:48, Time:0ms, TrainError:0.207567, TrainErrorChange:-0.0013401508, TrainAccuracy: 0.93133044
Epoch:49, Time:0ms, TrainError:0.20627193, TrainErrorChange:-0.0012950748, TrainAccuracy: 0.93133044
Epoch:50, Time:0ms, TrainError:0.20501934, TrainErrorChange:-0.0012525916, TrainAccuracy: 0.9298999
Epoch:51, Time:0ms, TrainError:0.2038069, TrainErrorChange:-0.001212433, TrainAccuracy: 0.9298999
Epoch:52, Time:0ms, TrainError:0.20263253, TrainErrorChange:-0.0011743754, TrainAccuracy: 0.93133044
Epoch:53, Time:0ms, TrainError:0.20149438, TrainErrorChange:-0.0011381507, TrainAccuracy: 0.93133044
Epoch:54, Time:0ms, TrainError:0.20039047, TrainErrorChange:-0.0011039078, TrainAccuracy: 0.93133044
Epoch:55, Time:0ms, TrainError:0.19931921, TrainErrorChange:-0.0010712594, TrainAccuracy: 0.9327611
Epoch:56, Time:0ms, TrainError:0.19827923, TrainErrorChange:-0.0010399818, TrainAccuracy: 0.9327611
Epoch:57, Time:0ms, TrainError:0.19726855, TrainErrorChange:-0.0010106862, TrainAccuracy: 0.9327611
Epoch:58, Time:1ms, TrainError:0.19628616, TrainErrorChange:-9.823889E-4, TrainAccuracy: 0.9327611
Epoch:59, Time:1ms, TrainError:0.1953308, TrainErrorChange:-9.5535815E-4, TrainAccuracy: 0.9327611
Epoch:60, Time:1ms, TrainError:0.1944012, TrainErrorChange:-9.2959404E-4, TrainAccuracy: 0.9327611
Epoch:61, Time:1ms, TrainError:0.19349599, TrainErrorChange:-9.0521574E-4, TrainAccuracy: 0.9341917
Epoch:62, Time:1ms, TrainError:0.1926145, TrainErrorChange:-8.814931E-4, TrainAccuracy: 0.9341917
Epoch:63, Time:1ms, TrainError:0.19175532, TrainErrorChange:-8.5917115E-4, TrainAccuracy: 0.9341917
Epoch:64, Time:1ms, TrainError:0.19091754, TrainErrorChange:-8.37788E-4, TrainAccuracy: 0.9341917
Epoch:65, Time:1ms, TrainError:0.19010046, TrainErrorChange:-8.170754E-4, TrainAccuracy: 0.9341917
Epoch:66, Time:1ms, TrainError:0.18930301, TrainErrorChange:-7.9745054E-4, TrainAccuracy: 0.9341917
Epoch:67, Time:1ms, TrainError:0.18852445, TrainErrorChange:-7.7855587E-4, TrainAccuracy: 0.9341917
Epoch:68, Time:1ms, TrainError:0.18776438, TrainErrorChange:-7.6007843E-4, TrainAccuracy: 0.9341917
Epoch:69, Time:0ms, TrainError:0.18702166, TrainErrorChange:-7.427186E-4, TrainAccuracy: 0.9341917
Epoch:70, Time:0ms, TrainError:0.18629567, TrainErrorChange:-7.259846E-4, TrainAccuracy: 0.9341917
Epoch:71, Time:0ms, TrainError:0.1855859, TrainErrorChange:-7.097721E-4, TrainAccuracy: 0.93562233
Epoch:72, Time:0ms, TrainError:0.1848915, TrainErrorChange:-6.943941E-4, TrainAccuracy: 0.93562233
Epoch:73, Time:0ms, TrainError:0.184212, TrainErrorChange:-6.7950785E-4, TrainAccuracy: 0.93562233
Epoch:74, Time:0ms, TrainError:0.18354681, TrainErrorChange:-6.6518784E-4, TrainAccuracy: 0.93562233
Epoch:75, Time:1ms, TrainError:0.18289572, TrainErrorChange:-6.5109134E-4, TrainAccuracy: 0.93562233
Epoch:76, Time:1ms, TrainError:0.18225788, TrainErrorChange:-6.378442E-4, TrainAccuracy: 0.93562233
Epoch:77, Time:1ms, TrainError:0.18163294, TrainErrorChange:-6.249398E-4, TrainAccuracy: 0.93562233
Epoch:78, Time:1ms, TrainError:0.18102033, TrainErrorChange:-6.1260164E-4, TrainAccuracy: 0.9370529
Epoch:79, Time:1ms, TrainError:0.18041976, TrainErrorChange:-6.005764E-4, TrainAccuracy: 0.9370529
Epoch:80, Time:1ms, TrainError:0.17983069, TrainErrorChange:-5.890727E-4, TrainAccuracy: 0.9370529
Epoch:81, Time:1ms, TrainError:0.17925297, TrainErrorChange:-5.77718E-4, TrainAccuracy: 0.9370529
Epoch:82, Time:1ms, TrainError:0.17868604, TrainErrorChange:-5.669296E-4, TrainAccuracy: 0.9370529
Epoch:83, Time:1ms, TrainError:0.17812964, TrainErrorChange:-5.5639446E-4, TrainAccuracy: 0.9370529
Epoch:84, Time:1ms, TrainError:0.17758338, TrainErrorChange:-5.4626167E-4, TrainAccuracy: 0.9370529
Epoch:85, Time:1ms, TrainError:0.17704675, TrainErrorChange:-5.366355E-4, TrainAccuracy: 0.9370529
Epoch:86, Time:1ms, TrainError:0.17651989, TrainErrorChange:-5.2686036E-4, TrainAccuracy: 0.9370529
Epoch:87, Time:1ms, TrainError:0.17600197, TrainErrorChange:-5.1791966E-4, TrainAccuracy: 0.9370529
Epoch:88, Time:1ms, TrainError:0.17549323, TrainErrorChange:-5.0874054E-4, TrainAccuracy: 0.93848354
Epoch:89, Time:1ms, TrainError:0.174993, TrainErrorChange:-5.00232E-4, TrainAccuracy: 0.93848354
Epoch:90, Time:1ms, TrainError:0.17450118, TrainErrorChange:-4.918128E-4, TrainAccuracy: 0.93991417
Epoch:91, Time:1ms, TrainError:0.17401752, TrainErrorChange:-4.836619E-4, TrainAccuracy: 0.93991417
Epoch:92, Time:0ms, TrainError:0.17354186, TrainErrorChange:-4.7565997E-4, TrainAccuracy: 0.93991417
Epoch:93, Time:0ms, TrainError:0.17307384, TrainErrorChange:-4.6801567E-4, TrainAccuracy: 0.93991417
Epoch:94, Time:1ms, TrainError:0.17261334, TrainErrorChange:-4.605055E-4, TrainAccuracy: 0.93991417
Epoch:95, Time:1ms, TrainError:0.17216007, TrainErrorChange:-4.5326352E-4, TrainAccuracy: 0.93991417
Epoch:96, Time:1ms, TrainError:0.1717139, TrainErrorChange:-4.4617057E-4, TrainAccuracy: 0.93991417
Epoch:97, Time:0ms, TrainError:0.17127459, TrainErrorChange:-4.3931603E-4, TrainAccuracy: 0.93991417
Epoch:98, Time:0ms, TrainError:0.17084199, TrainErrorChange:-4.325956E-4, TrainAccuracy: 0.93991417
Epoch:99, Time:0ms, TrainError:0.17041592, TrainErrorChange:-4.260689E-4, TrainAccuracy: 0.93991417
Epoch:100, Time:0ms, TrainError:0.16999623, TrainErrorChange:-4.196912E-4, TrainAccuracy: 0.93991417
Epoch:101, Time:0ms, TrainError:0.1695826, TrainErrorChange:-4.1362643E-4, TrainAccuracy: 0.93991417
Epoch:102, Time:0ms, TrainError:0.16917515, TrainErrorChange:-4.0745735E-4, TrainAccuracy: 0.93991417
Epoch:103, Time:0ms, TrainError:0.16877353, TrainErrorChange:-4.016161E-4, TrainAccuracy: 0.93991417
Epoch:104, Time:0ms, TrainError:0.16837782, TrainErrorChange:-3.9571524E-4, TrainAccuracy: 0.93991417
Epoch:105, Time:1ms, TrainError:0.16798747, TrainErrorChange:-3.9035082E-4, TrainAccuracy: 0.93991417
Epoch:106, Time:1ms, TrainError:0.1676027, TrainErrorChange:-3.8476288E-4, TrainAccuracy: 0.93991417
Epoch:107, Time:1ms, TrainError:0.16722327, TrainErrorChange:-3.7942827E-4, TrainAccuracy: 0.93991417
Epoch:108, Time:0ms, TrainError:0.16684909, TrainErrorChange:-3.7418306E-4, TrainAccuracy: 0.93991417
Epoch:109, Time:0ms, TrainError:0.16648002, TrainErrorChange:-3.6907196E-4, TrainAccuracy: 0.93991417
Epoch:110, Time:1ms, TrainError:0.16611604, TrainErrorChange:-3.6397576E-4, TrainAccuracy: 0.93991417
Epoch:111, Time:1ms, TrainError:0.16575657, TrainErrorChange:-3.594756E-4, TrainAccuracy: 0.9413448
Epoch:112, Time:1ms, TrainError:0.16540226, TrainErrorChange:-3.543049E-4, TrainAccuracy: 0.9413448
Epoch:113, Time:1ms, TrainError:0.16505235, TrainErrorChange:-3.4990907E-4, TrainAccuracy: 0.9413448
Epoch:114, Time:1ms, TrainError:0.16470705, TrainErrorChange:-3.453046E-4, TrainAccuracy: 0.9413448
Epoch:115, Time:0ms, TrainError:0.1643663, TrainErrorChange:-3.4074485E-4, TrainAccuracy: 0.94277537
Epoch:116, Time:0ms, TrainError:0.16402993, TrainErrorChange:-3.363788E-4, TrainAccuracy: 0.94277537
Epoch:117, Time:0ms, TrainError:0.16369772, TrainErrorChange:-3.322065E-4, TrainAccuracy: 0.94277537
Epoch:118, Time:1ms, TrainError:0.16336966, TrainErrorChange:-3.2806396E-4, TrainAccuracy: 0.94277537
Epoch:119, Time:1ms, TrainError:0.1630458, TrainErrorChange:-3.2386184E-4, TrainAccuracy: 0.944206
Epoch:120, Time:1ms, TrainError:0.16272609, TrainErrorChange:-3.197044E-4, TrainAccuracy: 0.944206
Epoch:121, Time:0ms, TrainError:0.16241008, TrainErrorChange:-3.1600893E-4, TrainAccuracy: 0.944206
Epoch:122, Time:0ms, TrainError:0.1620979, TrainErrorChange:-3.1217933E-4, TrainAccuracy: 0.944206
Epoch:123, Time:0ms, TrainError:0.16178994, TrainErrorChange:-3.079623E-4, TrainAccuracy: 0.944206
Epoch:124, Time:0ms, TrainError:0.16148533, TrainErrorChange:-3.0460954E-4, TrainAccuracy: 0.944206
Epoch:125, Time:1ms, TrainError:0.16118433, TrainErrorChange:-3.0100346E-4, TrainAccuracy: 0.944206
Epoch:126, Time:1ms, TrainError:0.16088706, TrainErrorChange:-2.9726326E-4, TrainAccuracy: 0.944206
Epoch:127, Time:1ms, TrainError:0.16059324, TrainErrorChange:-2.938211E-4, TrainAccuracy: 0.944206
Epoch:128, Time:1ms, TrainError:0.16030279, TrainErrorChange:-2.9045343E-4, TrainAccuracy: 0.944206
Epoch:129, Time:1ms, TrainError:0.16001578, TrainErrorChange:-2.8701127E-4, TrainAccuracy: 0.944206
Epoch:130, Time:0ms, TrainError:0.15973209, TrainErrorChange:-2.836883E-4, TrainAccuracy: 0.944206
Epoch:131, Time:0ms, TrainError:0.15945163, TrainErrorChange:-2.8045475E-4, TrainAccuracy: 0.944206
Epoch:132, Time:0ms, TrainError:0.15917425, TrainErrorChange:-2.7738512E-4, TrainAccuracy: 0.944206
Epoch:133, Time:1ms, TrainError:0.15890019, TrainErrorChange:-2.7406216E-4, TrainAccuracy: 0.944206
Epoch:134, Time:1ms, TrainError:0.1586292, TrainErrorChange:-2.7099252E-4, TrainAccuracy: 0.944206
Epoch:135, Time:0ms, TrainError:0.15836115, TrainErrorChange:-2.680421E-4, TrainAccuracy: 0.944206
Epoch:136, Time:0ms, TrainError:0.15809609, TrainErrorChange:-2.6506186E-4, TrainAccuracy: 0.944206
Epoch:137, Time:0ms, TrainError:0.15783398, TrainErrorChange:-2.6211143E-4, TrainAccuracy: 0.944206
Epoch:138, Time:1ms, TrainError:0.15757476, TrainErrorChange:-2.592206E-4, TrainAccuracy: 0.944206
Epoch:139, Time:1ms, TrainError:0.1573183, TrainErrorChange:-2.5646389E-4, TrainAccuracy: 0.944206
Epoch:140, Time:1ms, TrainError:0.15706456, TrainErrorChange:-2.5373697E-4, TrainAccuracy: 0.944206
Epoch:141, Time:0ms, TrainError:0.15681382, TrainErrorChange:-2.5074184E-4, TrainAccuracy: 0.944206
Epoch:142, Time:0ms, TrainError:0.15656558, TrainErrorChange:-2.4823844E-4, TrainAccuracy: 0.944206
Epoch:143, Time:0ms, TrainError:0.15632005, TrainErrorChange:-2.4552643E-4, TrainAccuracy: 0.944206
Epoch:144, Time:1ms, TrainError:0.15607707, TrainErrorChange:-2.4297833E-4, TrainAccuracy: 0.944206
Epoch:145, Time:1ms, TrainError:0.15583663, TrainErrorChange:-2.4044514E-4, TrainAccuracy: 0.944206
Epoch:146, Time:1ms, TrainError:0.15559869, TrainErrorChange:-2.3794174E-4, TrainAccuracy: 0.944206
Epoch:147, Time:1ms, TrainError:0.15536326, TrainErrorChange:-2.3542345E-4, TrainAccuracy: 0.944206
Epoch:148, Time:0ms, TrainError:0.15513015, TrainErrorChange:-2.3311377E-4, TrainAccuracy: 0.944206
Epoch:149, Time:0ms, TrainError:0.15489972, TrainErrorChange:-2.3043156E-4, TrainAccuracy: 0.944206
Epoch:150, Time:0ms, TrainError:0.15467155, TrainErrorChange:-2.2816658E-4, TrainAccuracy: 0.944206
Epoch:151, Time:0ms, TrainError:0.1544456, TrainErrorChange:-2.259463E-4, TrainAccuracy: 0.944206
Epoch:152, Time:1ms, TrainError:0.1542219, TrainErrorChange:-2.2369623E-4, TrainAccuracy: 0.944206
Epoch:153, Time:1ms, TrainError:0.15400055, TrainErrorChange:-2.2135675E-4, TrainAccuracy: 0.944206
Epoch:154, Time:1ms, TrainError:0.15378149, TrainErrorChange:-2.1906197E-4, TrainAccuracy: 0.944206
Epoch:155, Time:0ms, TrainError:0.15356435, TrainErrorChange:-2.1713972E-4, TrainAccuracy: 0.944206
Epoch:156, Time:0ms, TrainError:0.15334955, TrainErrorChange:-2.1480024E-4, TrainAccuracy: 0.944206
Epoch:157, Time:0ms, TrainError:0.15313691, TrainErrorChange:-2.1263957E-4, TrainAccuracy: 0.944206
Epoch:158, Time:1ms, TrainError:0.1529263, TrainErrorChange:-2.1061301E-4, TrainAccuracy: 0.944206
Epoch:159, Time:1ms, TrainError:0.15271784, TrainErrorChange:-2.0845234E-4, TrainAccuracy: 0.944206
Epoch:160, Time:1ms, TrainError:0.15251113, TrainErrorChange:-2.0670891E-4, TrainAccuracy: 0.94563663
Epoch:161, Time:0ms, TrainError:0.15230672, TrainErrorChange:-2.0441413E-4, TrainAccuracy: 0.94563663
Epoch:162, Time:0ms, TrainError:0.15210411, TrainErrorChange:-2.0261109E-4, TrainAccuracy: 0.94563663
Epoch:163, Time:0ms, TrainError:0.15190347, TrainErrorChange:-2.0064414E-4, TrainAccuracy: 0.94563663
Epoch:164, Time:0ms, TrainError:0.15170482, TrainErrorChange:-1.9864738E-4, TrainAccuracy: 0.94563663
Epoch:165, Time:1ms, TrainError:0.15150805, TrainErrorChange:-1.9676983E-4, TrainAccuracy: 0.94563663
Epoch:166, Time:1ms, TrainError:0.1513131, TrainErrorChange:-1.9495189E-4, TrainAccuracy: 0.94563663
Epoch:167, Time:1ms, TrainError:0.15111993, TrainErrorChange:-1.9316375E-4, TrainAccuracy: 0.94563663
Epoch:168, Time:1ms, TrainError:0.15092866, TrainErrorChange:-1.912713E-4, TrainAccuracy: 0.94706726
Epoch:169, Time:1ms, TrainError:0.15073915, TrainErrorChange:-1.8951297E-4, TrainAccuracy: 0.94706726
Epoch:170, Time:0ms, TrainError:0.15055136, TrainErrorChange:-1.8778443E-4, TrainAccuracy: 0.94706726
Epoch:171, Time:0ms, TrainError:0.15036543, TrainErrorChange:-1.8593669E-4, TrainAccuracy: 0.94706726
Epoch:172, Time:1ms, TrainError:0.15018107, TrainErrorChange:-1.8435717E-4, TrainAccuracy: 0.94563663
Epoch:173, Time:1ms, TrainError:0.14999849, TrainErrorChange:-1.8258393E-4, TrainAccuracy: 0.94706726
Epoch:174, Time:1ms, TrainError:0.14981742, TrainErrorChange:-1.8106401E-4, TrainAccuracy: 0.94706726
Epoch:175, Time:1ms, TrainError:0.14963824, TrainErrorChange:-1.7918646E-4, TrainAccuracy: 0.94706726
Epoch:176, Time:1ms, TrainError:0.14946043, TrainErrorChange:-1.7780066E-4, TrainAccuracy: 0.94706726
Epoch:177, Time:0ms, TrainError:0.14928427, TrainErrorChange:-1.7616153E-4, TrainAccuracy: 0.94706726
Epoch:178, Time:0ms, TrainError:0.14910989, TrainErrorChange:-1.7438829E-4, TrainAccuracy: 0.94706726
Epoch:179, Time:1ms, TrainError:0.1489369, TrainErrorChange:-1.7298758E-4, TrainAccuracy: 0.94706726
Epoch:180, Time:1ms, TrainError:0.14876552, TrainErrorChange:-1.7137825E-4, TrainAccuracy: 0.94706726
Epoch:181, Time:1ms, TrainError:0.14859547, TrainErrorChange:-1.7005205E-4, TrainAccuracy: 0.94706726
Epoch:182, Time:0ms, TrainError:0.14842714, TrainErrorChange:-1.6832352E-4, TrainAccuracy: 0.94706726
Epoch:183, Time:0ms, TrainError:0.14826019, TrainErrorChange:-1.6695261E-4, TrainAccuracy: 0.94706726
Epoch:184, Time:1ms, TrainError:0.14809467, TrainErrorChange:-1.655221E-4, TrainAccuracy: 0.94706726
Epoch:185, Time:1ms, TrainError:0.1479306, TrainErrorChange:-1.6406178E-4, TrainAccuracy: 0.94706726
Epoch:186, Time:1ms, TrainError:0.14776798, TrainErrorChange:-1.6263127E-4, TrainAccuracy: 0.94706726
Epoch:187, Time:1ms, TrainError:0.14760673, TrainErrorChange:-1.6124547E-4, TrainAccuracy: 0.94706726
Epoch:188, Time:0ms, TrainError:0.147447, TrainErrorChange:-1.5972555E-4, TrainAccuracy: 0.94706726
Epoch:189, Time:0ms, TrainError:0.14728847, TrainErrorChange:-1.5853345E-4, TrainAccuracy: 0.94706726
Epoch:190, Time:0ms, TrainError:0.14713144, TrainErrorChange:-1.5702844E-4, TrainAccuracy: 0.94706726
Epoch:191, Time:0ms, TrainError:0.14697556, TrainErrorChange:-1.5588105E-4, TrainAccuracy: 0.94706726
Epoch:192, Time:1ms, TrainError:0.14682104, TrainErrorChange:-1.5452504E-4, TrainAccuracy: 0.94706726
Epoch:193, Time:1ms, TrainError:0.14666791, TrainErrorChange:-1.5312433E-4, TrainAccuracy: 0.94706726
Epoch:194, Time:1ms, TrainError:0.14651614, TrainErrorChange:-1.5176833E-4, TrainAccuracy: 0.94706726
Epoch:195, Time:1ms, TrainError:0.14636551, TrainErrorChange:-1.5063584E-4, TrainAccuracy: 0.94706726
Epoch:196, Time:0ms, TrainError:0.14621615, TrainErrorChange:-1.4935434E-4, TrainAccuracy: 0.94706726
Epoch:197, Time:0ms, TrainError:0.14606805, TrainErrorChange:-1.4810264E-4, TrainAccuracy: 0.94849783
Epoch:198, Time:0ms, TrainError:0.1459211, TrainErrorChange:-1.4695525E-4, TrainAccuracy: 0.94849783
Epoch:199, Time:1ms, TrainError:0.14577548, TrainErrorChange:-1.4561415E-4, TrainAccuracy: 0.94849783
Epoch:200, Time:1ms, TrainError:0.145631, TrainErrorChange:-1.4448166E-4, TrainAccuracy: 0.94849783
Epoch:201, Time:1ms, TrainError:0.14548771, TrainErrorChange:-1.4328957E-4, TrainAccuracy: 0.94849783
Epoch:202, Time:1ms, TrainError:0.14534552, TrainErrorChange:-1.4218688E-4, TrainAccuracy: 0.94849783
Epoch:203, Time:0ms, TrainError:0.14520442, TrainErrorChange:-1.410991E-4, TrainAccuracy: 0.94849783
Epoch:204, Time:0ms, TrainError:0.14506459, TrainErrorChange:-1.398325E-4, TrainAccuracy: 0.94849783
Epoch:205, Time:1ms, TrainError:0.14492588, TrainErrorChange:-1.3871491E-4, TrainAccuracy: 0.94849783
Epoch:206, Time:1ms, TrainError:0.14478816, TrainErrorChange:-1.3771653E-4, TrainAccuracy: 0.94849783
Epoch:207, Time:1ms, TrainError:0.14465156, TrainErrorChange:-1.3659894E-4, TrainAccuracy: 0.94849783
Epoch:208, Time:0ms, TrainError:0.14451621, TrainErrorChange:-1.3534725E-4, TrainAccuracy: 0.94849783
Epoch:209, Time:0ms, TrainError:0.14438179, TrainErrorChange:-1.3442338E-4, TrainAccuracy: 0.94849783
Epoch:210, Time:1ms, TrainError:0.14424841, TrainErrorChange:-1.333803E-4, TrainAccuracy: 0.94849783
Epoch:211, Time:1ms, TrainError:0.14411625, TrainErrorChange:-1.321584E-4, TrainAccuracy: 0.94849783
Epoch:212, Time:1ms, TrainError:0.14398502, TrainErrorChange:-1.3123453E-4, TrainAccuracy: 0.94849783
Epoch:213, Time:0ms, TrainError:0.14385477, TrainErrorChange:-1.3025105E-4, TrainAccuracy: 0.94992846
Epoch:214, Time:0ms, TrainError:0.14372565, TrainErrorChange:-1.2911856E-4, TrainAccuracy: 0.94992846
Epoch:215, Time:1ms, TrainError:0.14359742, TrainErrorChange:-1.2822449E-4, TrainAccuracy: 0.94992846
Epoch:216, Time:1ms, TrainError:0.14347021, TrainErrorChange:-1.2721121E-4, TrainAccuracy: 0.94992846
Epoch:217, Time:1ms, TrainError:0.14334399, TrainErrorChange:-1.2622774E-4, TrainAccuracy: 0.94992846
Epoch:218, Time:1ms, TrainError:0.14321868, TrainErrorChange:-1.2530386E-4, TrainAccuracy: 0.94992846
Epoch:219, Time:1ms, TrainError:0.14309445, TrainErrorChange:-1.2423098E-4, TrainAccuracy: 0.94992846
Epoch:220, Time:0ms, TrainError:0.14297105, TrainErrorChange:-1.2339652E-4, TrainAccuracy: 0.94992846
Epoch:221, Time:0ms, TrainError:0.1428486, TrainErrorChange:-1.2245774E-4, TrainAccuracy: 0.94992846
Epoch:222, Time:0ms, TrainError:0.14272706, TrainErrorChange:-1.2153387E-4, TrainAccuracy: 0.94992846
Epoch:223, Time:1ms, TrainError:0.14260642, TrainErrorChange:-1.206398E-4, TrainAccuracy: 0.94992846
Epoch:224, Time:1ms, TrainError:0.14248684, TrainErrorChange:-1.1958182E-4, TrainAccuracy: 0.94992846
Epoch:225, Time:1ms, TrainError:0.142368, TrainErrorChange:-1.1883676E-4, TrainAccuracy: 0.94992846
Epoch:226, Time:1ms, TrainError:0.14224996, TrainErrorChange:-1.18047E-4, TrainAccuracy: 0.94992846
Epoch:227, Time:1ms, TrainError:0.14213298, TrainErrorChange:-1.16974115E-4, TrainAccuracy: 0.94992846
Epoch:228, Time:0ms, TrainError:0.14201684, TrainErrorChange:-1.1613965E-4, TrainAccuracy: 0.94992846
Epoch:229, Time:0ms, TrainError:0.14190148, TrainErrorChange:-1.1536479E-4, TrainAccuracy: 0.94992846
Epoch:230, Time:1ms, TrainError:0.14178701, TrainErrorChange:-1.1447072E-4, TrainAccuracy: 0.94992846
Epoch:231, Time:1ms, TrainError:0.14167339, TrainErrorChange:-1.13621354E-4, TrainAccuracy: 0.94992846
Epoch:232, Time:1ms, TrainError:0.14156058, TrainErrorChange:-1.1280179E-4, TrainAccuracy: 0.94992846
Epoch:233, Time:1ms, TrainError:0.14144857, TrainErrorChange:-1.1201203E-4, TrainAccuracy: 0.94992846
Epoch:234, Time:1ms, TrainError:0.14133741, TrainErrorChange:-1.1116266E-4, TrainAccuracy: 0.94992846
Epoch:235, Time:0ms, TrainError:0.141227, TrainErrorChange:-1.104027E-4, TrainAccuracy: 0.94992846
Epoch:236, Time:0ms, TrainError:0.14111748, TrainErrorChange:-1.09523535E-4, TrainAccuracy: 0.94992846
Epoch:237, Time:1ms, TrainError:0.14100872, TrainErrorChange:-1.08763576E-4, TrainAccuracy: 0.94992846
Epoch:238, Time:1ms, TrainError:0.14090061, TrainErrorChange:-1.08107924E-4, TrainAccuracy: 0.94992846
Epoch:239, Time:1ms, TrainError:0.1407934, TrainErrorChange:-1.07213855E-4, TrainAccuracy: 0.94992846
Epoch:240, Time:0ms, TrainError:0.14068687, TrainErrorChange:-1.065284E-4, TrainAccuracy: 0.94992846
Epoch:241, Time:0ms, TrainError:0.14058113, TrainErrorChange:-1.0573864E-4, TrainAccuracy: 0.94992846
Epoch:242, Time:1ms, TrainError:0.14047615, TrainErrorChange:-1.0497868E-4, TrainAccuracy: 0.94992846
Epoch:243, Time:1ms, TrainError:0.14037193, TrainErrorChange:-1.0421872E-4, TrainAccuracy: 0.94992846
Epoch:244, Time:1ms, TrainError:0.14026834, TrainErrorChange:-1.0359287E-4, TrainAccuracy: 0.94992846
Epoch:245, Time:0ms, TrainError:0.1401656, TrainErrorChange:-1.0274351E-4, TrainAccuracy: 0.94992846
Epoch:246, Time:0ms, TrainError:0.14006348, TrainErrorChange:-1.0211766E-4, TrainAccuracy: 0.94992846
Epoch:247, Time:0ms, TrainError:0.13996209, TrainErrorChange:-1.013875E-4, TrainAccuracy: 0.94992846
Epoch:248, Time:1ms, TrainError:0.13986135, TrainErrorChange:-1.0074675E-4, TrainAccuracy: 0.94992846
Epoch:249, Time:1ms, TrainError:0.13976137, TrainErrorChange:-9.997189E-5, TrainAccuracy: 0.94992846
Epoch:250, Time:1ms, TrainError:0.139662, TrainErrorChange:-9.9375844E-5, TrainAccuracy: 0.94992846
Epoch:251, Time:1ms, TrainError:0.13956349, TrainErrorChange:-9.851158E-5, TrainAccuracy: 0.94992846
Epoch:252, Time:0ms, TrainError:0.13946545, TrainErrorChange:-9.803474E-5, TrainAccuracy: 0.94992846
Epoch:253, Time:0ms, TrainError:0.13936809, TrainErrorChange:-9.736419E-5, TrainAccuracy: 0.94992846
Epoch:254, Time:0ms, TrainError:0.13927138, TrainErrorChange:-9.6708536E-5, TrainAccuracy: 0.94992846
Epoch:255, Time:0ms, TrainError:0.13917552, TrainErrorChange:-9.585917E-5, TrainAccuracy: 0.94992846
Epoch:256, Time:1ms, TrainError:0.13908, TrainErrorChange:-9.551644E-5, TrainAccuracy: 0.94992846
Epoch:257, Time:1ms, TrainError:0.13898532, TrainErrorChange:-9.468198E-5, TrainAccuracy: 0.94992846
Epoch:258, Time:1ms, TrainError:0.13889122, TrainErrorChange:-9.410083E-5, TrainAccuracy: 0.94992846
Epoch:259, Time:0ms, TrainError:0.13879779, TrainErrorChange:-9.343028E-5, TrainAccuracy: 0.94992846
Epoch:260, Time:0ms, TrainError:0.13870485, TrainErrorChange:-9.293854E-5, TrainAccuracy: 0.94992846
Epoch:261, Time:0ms, TrainError:0.13861269, TrainErrorChange:-9.216368E-5, TrainAccuracy: 0.94992846
Epoch:262, Time:1ms, TrainError:0.13852102, TrainErrorChange:-9.1671944E-5, TrainAccuracy: 0.94992846
Epoch:263, Time:1ms, TrainError:0.13843004, TrainErrorChange:-9.097159E-5, TrainAccuracy: 0.94992846
Epoch:264, Time:1ms, TrainError:0.1383396, TrainErrorChange:-9.045005E-5, TrainAccuracy: 0.94992846
Epoch:265, Time:0ms, TrainError:0.1382497, TrainErrorChange:-8.9898705E-5, TrainAccuracy: 0.94992846
Epoch:266, Time:0ms, TrainError:0.13816047, TrainErrorChange:-8.922815E-5, TrainAccuracy: 0.94992846
Epoch:267, Time:1ms, TrainError:0.13807178, TrainErrorChange:-8.869171E-5, TrainAccuracy: 0.94992846
Epoch:268, Time:1ms, TrainError:0.13798366, TrainErrorChange:-8.8110566E-5, TrainAccuracy: 0.94992846
Epoch:269, Time:1ms, TrainError:0.13789602, TrainErrorChange:-8.764863E-5, TrainAccuracy: 0.9513591
Epoch:270, Time:1ms, TrainError:0.13780904, TrainErrorChange:-8.697808E-5, TrainAccuracy: 0.9513591
Epoch:271, Time:0ms, TrainError:0.13772266, TrainErrorChange:-8.638203E-5, TrainAccuracy: 0.9513591
Epoch:272, Time:0ms, TrainError:0.13763677, TrainErrorChange:-8.589029E-5, TrainAccuracy: 0.9513591
Epoch:273, Time:0ms, TrainError:0.13755135, TrainErrorChange:-8.5413456E-5, TrainAccuracy: 0.9513591
Epoch:274, Time:0ms, TrainError:0.1374666, TrainErrorChange:-8.4757805E-5, TrainAccuracy: 0.9513591
Epoch:275, Time:1ms, TrainError:0.13738233, TrainErrorChange:-8.426607E-5, TrainAccuracy: 0.9513591
Epoch:276, Time:1ms, TrainError:0.13729843, TrainErrorChange:-8.389354E-5, TrainAccuracy: 0.9527897
Epoch:277, Time:0ms, TrainError:0.13721542, TrainErrorChange:-8.301437E-5, TrainAccuracy: 0.9527897
Epoch:278, Time:0ms, TrainError:0.13713254, TrainErrorChange:-8.288026E-5, TrainAccuracy: 0.9527897
Epoch:279, Time:0ms, TrainError:0.1370504, TrainErrorChange:-8.21352E-5, TrainAccuracy: 0.9527897
Epoch:280, Time:1ms, TrainError:0.13696863, TrainErrorChange:-8.177757E-5, TrainAccuracy: 0.9527897
Epoch:281, Time:1ms, TrainError:0.13688736, TrainErrorChange:-8.127093E-5, TrainAccuracy: 0.9527897
Epoch:282, Time:1ms, TrainError:0.13680686, TrainErrorChange:-8.049607E-5, TrainAccuracy: 0.9527897
Epoch:283, Time:0ms, TrainError:0.13672647, TrainErrorChange:-8.0391765E-5, TrainAccuracy: 0.9527897
Epoch:284, Time:0ms, TrainError:0.1366468, TrainErrorChange:-7.966161E-5, TrainAccuracy: 0.9527897
Epoch:285, Time:1ms, TrainError:0.13656762, TrainErrorChange:-7.918477E-5, TrainAccuracy: 0.9527897
Epoch:286, Time:1ms, TrainError:0.13648883, TrainErrorChange:-7.879734E-5, TrainAccuracy: 0.9527897
Epoch:287, Time:0ms, TrainError:0.1364106, TrainErrorChange:-7.8231096E-5, TrainAccuracy: 0.9527897
Epoch:288, Time:0ms, TrainError:0.13633263, TrainErrorChange:-7.7962875E-5, TrainAccuracy: 0.9527897
Epoch:289, Time:1ms, TrainError:0.13625541, TrainErrorChange:-7.721782E-5, TrainAccuracy: 0.9527897
Epoch:290, Time:1ms, TrainError:0.13617854, TrainErrorChange:-7.687509E-5, TrainAccuracy: 0.9527897
Epoch:291, Time:1ms, TrainError:0.13610208, TrainErrorChange:-7.645786E-5, TrainAccuracy: 0.9527897
Epoch:292, Time:0ms, TrainError:0.13602605, TrainErrorChange:-7.6025724E-5, TrainAccuracy: 0.9527897
Epoch:293, Time:0ms, TrainError:0.1359505, TrainErrorChange:-7.554889E-5, TrainAccuracy: 0.9527897
Epoch:294, Time:1ms, TrainError:0.13587548, TrainErrorChange:-7.502735E-5, TrainAccuracy: 0.9527897
Epoch:295, Time:1ms, TrainError:0.13580081, TrainErrorChange:-7.466972E-5, TrainAccuracy: 0.9527897
Epoch:296, Time:1ms, TrainError:0.13572665, TrainErrorChange:-7.416308E-5, TrainAccuracy: 0.9527897
Epoch:297, Time:0ms, TrainError:0.13565283, TrainErrorChange:-7.382035E-5, TrainAccuracy: 0.9527897
Epoch:298, Time:0ms, TrainError:0.13557954, TrainErrorChange:-7.328391E-5, TrainAccuracy: 0.9527897
Epoch:299, Time:1ms, TrainError:0.13550657, TrainErrorChange:-7.297099E-5, TrainAccuracy: 0.9527897
Epoch:300, Time:1ms, TrainError:0.13543402, TrainErrorChange:-7.2553754E-5, TrainAccuracy: 0.9527897
Epoch:301, Time:1ms, TrainError:0.13536191, TrainErrorChange:-7.210672E-5, TrainAccuracy: 0.9527897
Epoch:302, Time:0ms, TrainError:0.13529032, TrainErrorChange:-7.158518E-5, TrainAccuracy: 0.9527897
Epoch:303, Time:0ms, TrainError:0.135219, TrainErrorChange:-7.133186E-5, TrainAccuracy: 0.9527897
Epoch:304, Time:1ms, TrainError:0.13514818, TrainErrorChange:-7.081032E-5, TrainAccuracy: 0.9527897
Epoch:305, Time:1ms, TrainError:0.13507771, TrainErrorChange:-7.046759E-5, TrainAccuracy: 0.9527897
Epoch:306, Time:1ms, TrainError:0.13500758, TrainErrorChange:-7.0139766E-5, TrainAccuracy: 0.9527897
Epoch:307, Time:0ms, TrainError:0.13493796, TrainErrorChange:-6.9618225E-5, TrainAccuracy: 0.9527897
Epoch:308, Time:0ms, TrainError:0.1348687, TrainErrorChange:-6.92606E-5, TrainAccuracy: 0.9527897
Epoch:309, Time:1ms, TrainError:0.13479975, TrainErrorChange:-6.894767E-5, TrainAccuracy: 0.9527897
Epoch:310, Time:1ms, TrainError:0.13473123, TrainErrorChange:-6.851554E-5, TrainAccuracy: 0.9527897
Epoch:311, Time:1ms, TrainError:0.13466306, TrainErrorChange:-6.817281E-5, TrainAccuracy: 0.9527897
Epoch:312, Time:0ms, TrainError:0.13459536, TrainErrorChange:-6.7695975E-5, TrainAccuracy: 0.9527897
Epoch:313, Time:0ms, TrainError:0.13452798, TrainErrorChange:-6.738305E-5, TrainAccuracy: 0.9527897
Epoch:314, Time:0ms, TrainError:0.13446094, TrainErrorChange:-6.7040324E-5, TrainAccuracy: 0.9527897
Epoch:315, Time:1ms, TrainError:0.13439429, TrainErrorChange:-6.6652894E-5, TrainAccuracy: 0.9527897
Epoch:316, Time:1ms, TrainError:0.13432795, TrainErrorChange:-6.633997E-5, TrainAccuracy: 0.9527897
Epoch:317, Time:0ms, TrainError:0.13426207, TrainErrorChange:-6.5878034E-5, TrainAccuracy: 0.9527897
Epoch:318, Time:0ms, TrainError:0.13419649, TrainErrorChange:-6.558001E-5, TrainAccuracy: 0.9527897
Epoch:319, Time:1ms, TrainError:0.13413137, TrainErrorChange:-6.5118074E-5, TrainAccuracy: 0.9527897
Epoch:320, Time:1ms, TrainError:0.13406649, TrainErrorChange:-6.4879656E-5, TrainAccuracy: 0.9527897
Epoch:321, Time:1ms, TrainError:0.13400191, TrainErrorChange:-6.458163E-5, TrainAccuracy: 0.9527897
Epoch:322, Time:0ms, TrainError:0.13393779, TrainErrorChange:-6.41197E-5, TrainAccuracy: 0.9527897
Epoch:323, Time:0ms, TrainError:0.13387398, TrainErrorChange:-6.380677E-5, TrainAccuracy: 0.9527897
Epoch:324, Time:1ms, TrainError:0.1338105, TrainErrorChange:-6.347895E-5, TrainAccuracy: 0.9527897
Epoch:325, Time:1ms, TrainError:0.13374723, TrainErrorChange:-6.327033E-5, TrainAccuracy: 0.9527897
Epoch:326, Time:1ms, TrainError:0.13368447, TrainErrorChange:-6.276369E-5, TrainAccuracy: 0.9527897
Epoch:327, Time:1ms, TrainError:0.13362195, TrainErrorChange:-6.252527E-5, TrainAccuracy: 0.9527897
Epoch:328, Time:0ms, TrainError:0.13355985, TrainErrorChange:-6.209314E-5, TrainAccuracy: 0.9527897
Epoch:329, Time:0ms, TrainError:0.13349794, TrainErrorChange:-6.1914325E-5, TrainAccuracy: 0.9527897
Epoch:330, Time:1ms, TrainError:0.13343641, TrainErrorChange:-6.1526895E-5, TrainAccuracy: 0.9527897
Epoch:331, Time:1ms, TrainError:0.13337511, TrainErrorChange:-6.130338E-5, TrainAccuracy: 0.9527897
Epoch:332, Time:0ms, TrainError:0.13331415, TrainErrorChange:-6.096065E-5, TrainAccuracy: 0.9527897
Epoch:333, Time:0ms, TrainError:0.13325368, TrainErrorChange:-6.0468912E-5, TrainAccuracy: 0.9527897
Epoch:334, Time:1ms, TrainError:0.13319342, TrainErrorChange:-6.0260296E-5, TrainAccuracy: 0.9527897
Epoch:335, Time:1ms, TrainError:0.13313353, TrainErrorChange:-5.9887767E-5, TrainAccuracy: 0.9527897
Epoch:336, Time:1ms, TrainError:0.13307379, TrainErrorChange:-5.9738755E-5, TrainAccuracy: 0.9527897
Epoch:337, Time:0ms, TrainError:0.13301444, TrainErrorChange:-5.9351325E-5, TrainAccuracy: 0.9527897
Epoch:338, Time:0ms, TrainError:0.13295531, TrainErrorChange:-5.9127808E-5, TrainAccuracy: 0.9527897
Epoch:339, Time:1ms, TrainError:0.13289668, TrainErrorChange:-5.863607E-5, TrainAccuracy: 0.9527897
Epoch:340, Time:1ms, TrainError:0.1328381, TrainErrorChange:-5.8576465E-5, TrainAccuracy: 0.9527897
Epoch:341, Time:1ms, TrainError:0.13277996, TrainErrorChange:-5.814433E-5, TrainAccuracy: 0.9527897
Epoch:342, Time:0ms, TrainError:0.13272204, TrainErrorChange:-5.7920814E-5, TrainAccuracy: 0.9527897
Epoch:343, Time:0ms, TrainError:0.13266446, TrainErrorChange:-5.7578087E-5, TrainAccuracy: 0.9527897
Epoch:344, Time:1ms, TrainError:0.13260707, TrainErrorChange:-5.738437E-5, TrainAccuracy: 0.9527897
Epoch:345, Time:1ms, TrainError:0.1325502, TrainErrorChange:-5.6877732E-5, TrainAccuracy: 0.9527897
Epoch:346, Time:1ms, TrainError:0.13249335, TrainErrorChange:-5.684793E-5, TrainAccuracy: 0.9527897
Epoch:347, Time:0ms, TrainError:0.13243684, TrainErrorChange:-5.6505203E-5, TrainAccuracy: 0.9527897
Epoch:348, Time:0ms, TrainError:0.13238065, TrainErrorChange:-5.619228E-5, TrainAccuracy: 0.9527897
Epoch:349, Time:1ms, TrainError:0.13232476, TrainErrorChange:-5.5894256E-5, TrainAccuracy: 0.9527897
Epoch:350, Time:1ms, TrainError:0.132269, TrainErrorChange:-5.5760145E-5, TrainAccuracy: 0.9527897
Epoch:351, Time:1ms, TrainError:0.13221364, TrainErrorChange:-5.5357814E-5, TrainAccuracy: 0.9527897
Epoch:352, Time:0ms, TrainError:0.13215859, TrainErrorChange:-5.504489E-5, TrainAccuracy: 0.9527897
Epoch:353, Time:0ms, TrainError:0.13210359, TrainErrorChange:-5.5000186E-5, TrainAccuracy: 0.9527897
Epoch:354, Time:1ms, TrainError:0.13204901, TrainErrorChange:-5.4582953E-5, TrainAccuracy: 0.9527897
Epoch:355, Time:1ms, TrainError:0.1319947, TrainErrorChange:-5.4314733E-5, TrainAccuracy: 0.9527897
Epoch:356, Time:1ms, TrainError:0.13194057, TrainErrorChange:-5.4121017E-5, TrainAccuracy: 0.9542203
Epoch:357, Time:1ms, TrainError:0.13188684, TrainErrorChange:-5.3733587E-5, TrainAccuracy: 0.9542203
Epoch:358, Time:0ms, TrainError:0.13183323, TrainErrorChange:-5.3614378E-5, TrainAccuracy: 0.9542203
Epoch:359, Time:0ms, TrainError:0.13177994, TrainErrorChange:-5.3286552E-5, TrainAccuracy: 0.9542203
Epoch:360, Time:1ms, TrainError:0.1317268, TrainErrorChange:-5.313754E-5, TrainAccuracy: 0.9542203
Epoch:361, Time:1ms, TrainError:0.13167392, TrainErrorChange:-5.288422E-5, TrainAccuracy: 0.9542203
Epoch:362, Time:1ms, TrainError:0.13162145, TrainErrorChange:-5.246699E-5, TrainAccuracy: 0.9542203
Epoch:363, Time:0ms, TrainError:0.1315691, TrainErrorChange:-5.234778E-5, TrainAccuracy: 0.9542203
Epoch:364, Time:0ms, TrainError:0.13151695, TrainErrorChange:-5.2154064E-5, TrainAccuracy: 0.9542203
Epoch:365, Time:0ms, TrainError:0.13146515, TrainErrorChange:-5.1796436E-5, TrainAccuracy: 0.9542203
Epoch:366, Time:1ms, TrainError:0.13141346, TrainErrorChange:-5.169213E-5, TrainAccuracy: 0.9542203
Epoch:367, Time:1ms, TrainError:0.13136217, TrainErrorChange:-5.1289797E-5, TrainAccuracy: 0.9542203
Epoch:368, Time:1ms, TrainError:0.13131094, TrainErrorChange:-5.1230192E-5, TrainAccuracy: 0.9542203
Epoch:369, Time:0ms, TrainError:0.13126004, TrainErrorChange:-5.0902367E-5, TrainAccuracy: 0.9542203
Epoch:370, Time:0ms, TrainError:0.13120937, TrainErrorChange:-5.0663948E-5, TrainAccuracy: 0.9542203
Epoch:371, Time:1ms, TrainError:0.13115887, TrainErrorChange:-5.0500035E-5, TrainAccuracy: 0.9542203
Epoch:372, Time:1ms, TrainError:0.13110857, TrainErrorChange:-5.030632E-5, TrainAccuracy: 0.9542203
Epoch:373, Time:1ms, TrainError:0.1310586, TrainErrorChange:-4.9963593E-5, TrainAccuracy: 0.9542203
Epoch:374, Time:0ms, TrainError:0.13100876, TrainErrorChange:-4.9844384E-5, TrainAccuracy: 0.9542203
Epoch:375, Time:0ms, TrainError:0.13095923, TrainErrorChange:-4.953146E-5, TrainAccuracy: 0.9542203
Epoch:376, Time:0ms, TrainError:0.13090986, TrainErrorChange:-4.9367547E-5, TrainAccuracy: 0.9542203
Epoch:377, Time:1ms, TrainError:0.13086085, TrainErrorChange:-4.900992E-5, TrainAccuracy: 0.9542203
Epoch:378, Time:1ms, TrainError:0.13081183, TrainErrorChange:-4.902482E-5, TrainAccuracy: 0.9542203
Epoch:379, Time:0ms, TrainError:0.13076307, TrainErrorChange:-4.87566E-5, TrainAccuracy: 0.9542203
Epoch:380, Time:0ms, TrainError:0.1307146, TrainErrorChange:-4.8473477E-5, TrainAccuracy: 0.9542203
Epoch:381, Time:1ms, TrainError:0.1306664, TrainErrorChange:-4.8190355E-5, TrainAccuracy: 0.9542203
Epoch:382, Time:1ms, TrainError:0.13061818, TrainErrorChange:-4.8220158E-5, TrainAccuracy: 0.9542203
Epoch:383, Time:1ms, TrainError:0.13057034, TrainErrorChange:-4.784763E-5, TrainAccuracy: 0.9542203
Epoch:384, Time:0ms, TrainError:0.13052271, TrainErrorChange:-4.762411E-5, TrainAccuracy: 0.9542203
Epoch:385, Time:0ms, TrainError:0.13047525, TrainErrorChange:-4.74602E-5, TrainAccuracy: 0.9542203
Epoch:386, Time:0ms, TrainError:0.13042808, TrainErrorChange:-4.7177076E-5, TrainAccuracy: 0.9542203
Epoch:387, Time:1ms, TrainError:0.13038096, TrainErrorChange:-4.711747E-5, TrainAccuracy: 0.9542203
Epoch:388, Time:1ms, TrainError:0.13033405, TrainErrorChange:-4.6908855E-5, TrainAccuracy: 0.9542203
Epoch:389, Time:0ms, TrainError:0.13028754, TrainErrorChange:-4.6506524E-5, TrainAccuracy: 0.9542203
Epoch:390, Time:0ms, TrainError:0.130241, TrainErrorChange:-4.6536326E-5, TrainAccuracy: 0.9542203
Epoch:391, Time:1ms, TrainError:0.1301947, TrainErrorChange:-4.631281E-5, TrainAccuracy: 0.9542203
Epoch:392, Time:1ms, TrainError:0.13014868, TrainErrorChange:-4.6014786E-5, TrainAccuracy: 0.9542203
Epoch:393, Time:1ms, TrainError:0.13010274, TrainErrorChange:-4.594028E-5, TrainAccuracy: 0.9542203
Epoch:394, Time:0ms, TrainError:0.13005707, TrainErrorChange:-4.567206E-5, TrainAccuracy: 0.9542203
Epoch:395, Time:0ms, TrainError:0.13001153, TrainErrorChange:-4.553795E-5, TrainAccuracy: 0.9542203
Epoch:396, Time:1ms, TrainError:0.12996633, TrainErrorChange:-4.5195222E-5, TrainAccuracy: 0.9542203
Epoch:397, Time:1ms, TrainError:0.12992118, TrainErrorChange:-4.515052E-5, TrainAccuracy: 0.9542203
Epoch:398, Time:1ms, TrainError:0.12987608, TrainErrorChange:-4.5105815E-5, TrainAccuracy: 0.9542203
Epoch:399, Time:0ms, TrainError:0.12983142, TrainErrorChange:-4.465878E-5, TrainAccuracy: 0.9542203
Epoch:400, Time:0ms, TrainError:0.12978682, TrainErrorChange:-4.4599175E-5, TrainAccuracy: 0.9542203
Epoch:401, Time:1ms, TrainError:0.1297424, TrainErrorChange:-4.442036E-5, TrainAccuracy: 0.9542203
Epoch:402, Time:1ms, TrainError:0.12969817, TrainErrorChange:-4.4226646E-5, TrainAccuracy: 0.9542203
Epoch:403, Time:0ms, TrainError:0.12965429, TrainErrorChange:-4.388392E-5, TrainAccuracy: 0.9542203
Epoch:404, Time:0ms, TrainError:0.12961042, TrainErrorChange:-4.386902E-5, TrainAccuracy: 0.9542203
Epoch:405, Time:1ms, TrainError:0.12956665, TrainErrorChange:-4.376471E-5, TrainAccuracy: 0.9556509
Epoch:406, Time:1ms, TrainError:0.12952314, TrainErrorChange:-4.351139E-5, TrainAccuracy: 0.9556509
Epoch:407, Time:1ms, TrainError:0.12947983, TrainErrorChange:-4.3317676E-5, TrainAccuracy: 0.9556509
Epoch:408, Time:0ms, TrainError:0.12943673, TrainErrorChange:-4.3094158E-5, TrainAccuracy: 0.9556509
Epoch:409, Time:0ms, TrainError:0.12939373, TrainErrorChange:-4.300475E-5, TrainAccuracy: 0.9556509
Epoch:410, Time:0ms, TrainError:0.12935087, TrainErrorChange:-4.285574E-5, TrainAccuracy: 0.9556509
Epoch:411, Time:1ms, TrainError:0.12930818, TrainErrorChange:-4.2691827E-5, TrainAccuracy: 0.9556509
Epoch:412, Time:1ms, TrainError:0.12926573, TrainErrorChange:-4.245341E-5, TrainAccuracy: 0.9556509
Epoch:413, Time:1ms, TrainError:0.12922344, TrainErrorChange:-4.2289495E-5, TrainAccuracy: 0.9556509
Epoch:414, Time:0ms, TrainError:0.12918115, TrainErrorChange:-4.2289495E-5, TrainAccuracy: 0.9556509
Epoch:415, Time:0ms, TrainError:0.12913917, TrainErrorChange:-4.197657E-5, TrainAccuracy: 0.9556509
Epoch:416, Time:1ms, TrainError:0.12909736, TrainErrorChange:-4.181266E-5, TrainAccuracy: 0.9556509
Epoch:417, Time:1ms, TrainError:0.12905568, TrainErrorChange:-4.1678548E-5, TrainAccuracy: 0.9556509
Epoch:418, Time:1ms, TrainError:0.12901424, TrainErrorChange:-4.144013E-5, TrainAccuracy: 0.9556509
Epoch:419, Time:1ms, TrainError:0.12897287, TrainErrorChange:-4.1365623E-5, TrainAccuracy: 0.9556509
Epoch:420, Time:0ms, TrainError:0.1289317, TrainErrorChange:-4.117191E-5, TrainAccuracy: 0.9556509
Epoch:421, Time:0ms, TrainError:0.12889054, TrainErrorChange:-4.1157007E-5, TrainAccuracy: 0.9556509
Epoch:422, Time:1ms, TrainError:0.12884973, TrainErrorChange:-4.081428E-5, TrainAccuracy: 0.9556509
Epoch:423, Time:1ms, TrainError:0.1288091, TrainErrorChange:-4.0635467E-5, TrainAccuracy: 0.9556509
Epoch:424, Time:0ms, TrainError:0.12876846, TrainErrorChange:-4.0635467E-5, TrainAccuracy: 0.9556509
Epoch:425, Time:0ms, TrainError:0.12872802, TrainErrorChange:-4.044175E-5, TrainAccuracy: 0.95708156
Epoch:426, Time:1ms, TrainError:0.12868774, TrainErrorChange:-4.027784E-5, TrainAccuracy: 0.9585122
Epoch:427, Time:1ms, TrainError:0.12864764, TrainErrorChange:-4.0099025E-5, TrainAccuracy: 0.9585122
Epoch:428, Time:1ms, TrainError:0.12860762, TrainErrorChange:-4.002452E-5, TrainAccuracy: 0.9585122
Epoch:429, Time:1ms, TrainError:0.1285678, TrainErrorChange:-3.9815903E-5, TrainAccuracy: 0.9585122
Epoch:430, Time:0ms, TrainError:0.1285283, TrainErrorChange:-3.950298E-5, TrainAccuracy: 0.9585122
Epoch:431, Time:0ms, TrainError:0.12848866, TrainErrorChange:-3.963709E-5, TrainAccuracy: 0.9585122
Epoch:432, Time:1ms, TrainError:0.12844928, TrainErrorChange:-3.938377E-5, TrainAccuracy: 0.9585122
Epoch:433, Time:1ms, TrainError:0.12840998, TrainErrorChange:-3.9294362E-5, TrainAccuracy: 0.9585122
Epoch:434, Time:0ms, TrainError:0.12837094, TrainErrorChange:-3.9041042E-5, TrainAccuracy: 0.9585122
Epoch:435, Time:0ms, TrainError:0.12833188, TrainErrorChange:-3.9055943E-5, TrainAccuracy: 0.9585122
Epoch:436, Time:1ms, TrainError:0.12829314, TrainErrorChange:-3.874302E-5, TrainAccuracy: 0.9585122
Epoch:437, Time:1ms, TrainError:0.12825443, TrainErrorChange:-3.8713217E-5, TrainAccuracy: 0.9585122
Epoch:438, Time:1ms, TrainError:0.12821585, TrainErrorChange:-3.8579106E-5, TrainAccuracy: 0.9585122
Epoch:439, Time:0ms, TrainError:0.12817752, TrainErrorChange:-3.8325787E-5, TrainAccuracy: 0.9585122
Epoch:440, Time:0ms, TrainError:0.12813926, TrainErrorChange:-3.8266182E-5, TrainAccuracy: 0.9585122
Epoch:441, Time:1ms, TrainError:0.12810113, TrainErrorChange:-3.813207E-5, TrainAccuracy: 0.9585122
Epoch:442, Time:1ms, TrainError:0.12806313, TrainErrorChange:-3.799796E-5, TrainAccuracy: 0.9585122
Epoch:443, Time:1ms, TrainError:0.12802522, TrainErrorChange:-3.7908554E-5, TrainAccuracy: 0.9585122
Epoch:444, Time:0ms, TrainError:0.12798753, TrainErrorChange:-3.7685037E-5, TrainAccuracy: 0.9585122
Epoch:445, Time:0ms, TrainError:0.12794998, TrainErrorChange:-3.7550926E-5, TrainAccuracy: 0.9585122
Epoch:446, Time:1ms, TrainError:0.12791257, TrainErrorChange:-3.7416816E-5, TrainAccuracy: 0.9585122
Epoch:447, Time:1ms, TrainError:0.12787516, TrainErrorChange:-3.7401915E-5, TrainAccuracy: 0.9585122
Epoch:448, Time:0ms, TrainError:0.12783794, TrainErrorChange:-3.72231E-5, TrainAccuracy: 0.9585122
Epoch:449, Time:0ms, TrainError:0.12780084, TrainErrorChange:-3.710389E-5, TrainAccuracy: 0.9585122
Epoch:450, Time:0ms, TrainError:0.12776393, TrainErrorChange:-3.6910176E-5, TrainAccuracy: 0.9585122
Epoch:451, Time:1ms, TrainError:0.12772714, TrainErrorChange:-3.6790967E-5, TrainAccuracy: 0.9585122
Epoch:452, Time:1ms, TrainError:0.12769042, TrainErrorChange:-3.671646E-5, TrainAccuracy: 0.9585122
Epoch:453, Time:1ms, TrainError:0.12765391, TrainErrorChange:-3.6507845E-5, TrainAccuracy: 0.9585122
Epoch:454, Time:0ms, TrainError:0.12761748, TrainErrorChange:-3.643334E-5, TrainAccuracy: 0.9585122
Epoch:455, Time:0ms, TrainError:0.12758107, TrainErrorChange:-3.6403537E-5, TrainAccuracy: 0.9585122
Epoch:456, Time:1ms, TrainError:0.12754497, TrainErrorChange:-3.6105514E-5, TrainAccuracy: 0.9585122
Epoch:457, Time:1ms, TrainError:0.12750876, TrainErrorChange:-3.620982E-5, TrainAccuracy: 0.9585122
Epoch:458, Time:1ms, TrainError:0.12747289, TrainErrorChange:-3.5867095E-5, TrainAccuracy: 0.9585122
Epoch:459, Time:0ms, TrainError:0.1274371, TrainErrorChange:-3.579259E-5, TrainAccuracy: 0.9585122
Epoch:460, Time:0ms, TrainError:0.1274014, TrainErrorChange:-3.5703182E-5, TrainAccuracy: 0.9585122
Epoch:461, Time:1ms, TrainError:0.12736574, TrainErrorChange:-3.565848E-5, TrainAccuracy: 0.9585122
Epoch:462, Time:1ms, TrainError:0.12733033, TrainErrorChange:-3.540516E-5, TrainAccuracy: 0.9585122
Epoch:463, Time:1ms, TrainError:0.12729497, TrainErrorChange:-3.5360456E-5, TrainAccuracy: 0.9585122
Epoch:464, Time:0ms, TrainError:0.12725987, TrainErrorChange:-3.5107136E-5, TrainAccuracy: 0.9585122
Epoch:465, Time:0ms, TrainError:0.12722462, TrainErrorChange:-3.5241246E-5, TrainAccuracy: 0.95994276
Epoch:466, Time:1ms, TrainError:0.12718967, TrainErrorChange:-3.4958124E-5, TrainAccuracy: 0.95994276
Epoch:467, Time:1ms, TrainError:0.12715481, TrainErrorChange:-3.4853816E-5, TrainAccuracy: 0.95994276
Epoch:468, Time:1ms, TrainError:0.12711997, TrainErrorChange:-3.4838915E-5, TrainAccuracy: 0.95994276
Epoch:469, Time:0ms, TrainError:0.12708537, TrainErrorChange:-3.4600496E-5, TrainAccuracy: 0.95994276
Epoch:470, Time:0ms, TrainError:0.12705086, TrainErrorChange:-3.451109E-5, TrainAccuracy: 0.95994276
Epoch:471, Time:0ms, TrainError:0.12701638, TrainErrorChange:-3.4481287E-5, TrainAccuracy: 0.95994276
Epoch:472, Time:1ms, TrainError:0.12698203, TrainErrorChange:-3.4347177E-5, TrainAccuracy: 0.95994276
Epoch:473, Time:1ms, TrainError:0.12694792, TrainErrorChange:-3.4108758E-5, TrainAccuracy: 0.95994276
Epoch:474, Time:1ms, TrainError:0.12691376, TrainErrorChange:-3.4168363E-5, TrainAccuracy: 0.95994276
Epoch:475, Time:0ms, TrainError:0.12687981, TrainErrorChange:-3.3944845E-5, TrainAccuracy: 0.95994276
Epoch:476, Time:0ms, TrainError:0.12684588, TrainErrorChange:-3.3929944E-5, TrainAccuracy: 0.95994276
Epoch:477, Time:1ms, TrainError:0.12681216, TrainErrorChange:-3.3721328E-5, TrainAccuracy: 0.95994276
Epoch:478, Time:1ms, TrainError:0.12677842, TrainErrorChange:-3.373623E-5, TrainAccuracy: 0.95994276
Epoch:479, Time:1ms, TrainError:0.126745, TrainErrorChange:-3.3423305E-5, TrainAccuracy: 0.95994276
Epoch:480, Time:0ms, TrainError:0.12671152, TrainErrorChange:-3.348291E-5, TrainAccuracy: 0.95994276
Epoch:481, Time:0ms, TrainError:0.1266782, TrainErrorChange:-3.3318996E-5, TrainAccuracy: 0.95994276
Epoch:482, Time:1ms, TrainError:NaN, TrainErrorChange:NaN, TrainAccuracy: 0.95994276
The training was interrupted due to NaN value before completing all Epochs. Epochs completed: 482/5000

TRAINING COMPLETED
Total Training Time: 435ms
------------------------------------------------------------------------
------------------------------------------------------------------------------------------------------------------------------------------------
TRAINING NEURAL NETWORK
------------------------------------------------------------------------------------------------------------------------------------------------
Epoch:1, Time:22ms, TrainError:0.68035734, TrainErrorChange:0.68035734, TrainAccuracy: 0.77253217
Epoch:2, Time:0ms, TrainError:0.6088946, TrainErrorChange:-0.07146275, TrainAccuracy: 0.8612303
Epoch:3, Time:1ms, TrainError:0.5585127, TrainErrorChange:-0.0503819, TrainAccuracy: 0.8955651
Epoch:4, Time:1ms, TrainError:0.51866907, TrainErrorChange:-0.03984362, TrainAccuracy: 0.90414876
Epoch:5, Time:0ms, TrainError:0.48541456, TrainErrorChange:-0.033254504, TrainAccuracy: 0.9055794
Epoch:6, Time:0ms, TrainError:0.4570118, TrainErrorChange:-0.028402776, TrainAccuracy: 0.8998569
Epoch:7, Time:0ms, TrainError:0.43248355, TrainErrorChange:-0.024528235, TrainAccuracy: 0.90128756
Epoch:8, Time:1ms, TrainError:0.4111562, TrainErrorChange:-0.021327347, TrainAccuracy: 0.90414876
Epoch:9, Time:1ms, TrainError:0.39250416, TrainErrorChange:-0.018652052, TrainAccuracy: 0.9055794
Epoch:10, Time:1ms, TrainError:0.37610552, TrainErrorChange:-0.016398638, TrainAccuracy: 0.9055794
Epoch:11, Time:1ms, TrainError:0.3616118, TrainErrorChange:-0.014493704, TrainAccuracy: 0.9055794
Epoch:12, Time:1ms, TrainError:0.34873646, TrainErrorChange:-0.012875348, TrainAccuracy: 0.90701
Epoch:13, Time:1ms, TrainError:0.33724254, TrainErrorChange:-0.011493921, TrainAccuracy: 0.90844065
Epoch:14, Time:1ms, TrainError:0.32693285, TrainErrorChange:-0.010309696, TrainAccuracy: 0.91130185
Epoch:15, Time:1ms, TrainError:0.31764406, TrainErrorChange:-0.009288788, TrainAccuracy: 0.91130185
Epoch:16, Time:1ms, TrainError:0.30923873, TrainErrorChange:-0.008405328, TrainAccuracy: 0.91130185
Epoch:17, Time:1ms, TrainError:0.30160138, TrainErrorChange:-0.0076373518, TrainAccuracy: 0.91130185
Epoch:18, Time:1ms, TrainError:0.29463413, TrainErrorChange:-0.0069672465, TrainAccuracy: 0.9127325
Epoch:19, Time:1ms, TrainError:0.2882553, TrainErrorChange:-0.0063788295, TrainAccuracy: 0.9141631
Epoch:20, Time:1ms, TrainError:0.28239405, TrainErrorChange:-0.0058612525, TrainAccuracy: 0.9141631
Epoch:21, Time:1ms, TrainError:0.27699, TrainErrorChange:-0.005404055, TrainAccuracy: 0.9141631
Epoch:22, Time:1ms, TrainError:0.27199122, TrainErrorChange:-0.0049987733, TrainAccuracy: 0.9141631
Epoch:23, Time:1ms, TrainError:0.26735374, TrainErrorChange:-0.00463748, TrainAccuracy: 0.9155937
Epoch:24, Time:1ms, TrainError:0.26303872, TrainErrorChange:-0.0043150187, TrainAccuracy: 0.9155937
Epoch:25, Time:1ms, TrainError:0.25901285, TrainErrorChange:-0.0040258765, TrainAccuracy: 0.9155937
Epoch:26, Time:1ms, TrainError:0.25524667, TrainErrorChange:-0.003766179, TrainAccuracy: 0.9155937
Epoch:27, Time:1ms, TrainError:0.2517154, TrainErrorChange:-0.0035312772, TrainAccuracy: 0.91845495
Epoch:28, Time:1ms, TrainError:0.24839614, TrainErrorChange:-0.0033192486, TrainAccuracy: 0.9198856
Epoch:29, Time:1ms, TrainError:0.2452694, TrainErrorChange:-0.0031267405, TrainAccuracy: 0.9198856
Epoch:30, Time:1ms, TrainError:0.24231857, TrainErrorChange:-0.0029508322, TrainAccuracy: 0.92131615
Epoch:31, Time:1ms, TrainError:0.23952758, TrainErrorChange:-0.0027909875, TrainAccuracy: 0.9227468
Epoch:32, Time:1ms, TrainError:0.23688322, TrainErrorChange:-0.00264436, TrainAccuracy: 0.92560804
Epoch:33, Time:1ms, TrainError:0.23437332, TrainErrorChange:-0.002509907, TrainAccuracy: 0.9270386
Epoch:34, Time:1ms, TrainError:0.23198722, TrainErrorChange:-0.0023860931, TrainAccuracy: 0.9270386
Epoch:35, Time:1ms, TrainError:0.22971557, TrainErrorChange:-0.0022716522, TrainAccuracy: 0.9270386
Epoch:36, Time:1ms, TrainError:0.22754912, TrainErrorChange:-0.00216645, TrainAccuracy: 0.92560804
Epoch:37, Time:1ms, TrainError:0.22548044, TrainErrorChange:-0.0020686835, TrainAccuracy: 0.92560804
Epoch:38, Time:1ms, TrainError:0.22350271, TrainErrorChange:-0.0019777268, TrainAccuracy: 0.9270386
Epoch:39, Time:1ms, TrainError:0.22160916, TrainErrorChange:-0.0018935502, TrainAccuracy: 0.9270386
Epoch:40, Time:1ms, TrainError:0.21979444, TrainErrorChange:-0.001814723, TrainAccuracy: 0.9270386
Epoch:41, Time:1ms, TrainError:0.21805288, TrainErrorChange:-0.0017415583, TrainAccuracy: 0.9270386
Epoch:42, Time:1ms, TrainError:0.21638006, TrainErrorChange:-0.0016728193, TrainAccuracy: 0.9270386
Epoch:43, Time:1ms, TrainError:0.21477163, TrainErrorChange:-0.0016084313, TrainAccuracy: 0.9270386
Epoch:44, Time:1ms, TrainError:0.21322381, TrainErrorChange:-0.0015478134, TrainAccuracy: 0.92846924
Epoch:45, Time:1ms, TrainError:0.21173246, TrainErrorChange:-0.0014913529, TrainAccuracy: 0.9298999
Epoch:46, Time:1ms, TrainError:0.21029474, TrainErrorChange:-0.0014377236, TrainAccuracy: 0.93133044
Epoch:47, Time:1ms, TrainError:0.20890716, TrainErrorChange:-0.0013875812, TrainAccuracy: 0.93133044
Epoch:48, Time:1ms, TrainError:0.207567, TrainErrorChange:-0.0013401508, TrainAccuracy: 0.93133044
Epoch:49, Time:1ms, TrainError:0.20627193, TrainErrorChange:-0.0012950748, TrainAccuracy: 0.93133044
Epoch:50, Time:1ms, TrainError:0.20501934, TrainErrorChange:-0.0012525916, TrainAccuracy: 0.9298999
Epoch:51, Time:1ms, TrainError:0.2038069, TrainErrorChange:-0.001212433, TrainAccuracy: 0.9298999
Epoch:52, Time:1ms, TrainError:0.20263253, TrainErrorChange:-0.0011743754, TrainAccuracy: 0.93133044
Epoch:53, Time:1ms, TrainError:0.20149438, TrainErrorChange:-0.0011381507, TrainAccuracy: 0.93133044
Epoch:54, Time:1ms, TrainError:0.20039047, TrainErrorChange:-0.0011039078, TrainAccuracy: 0.93133044
Epoch:55, Time:1ms, TrainError:0.19931921, TrainErrorChange:-0.0010712594, TrainAccuracy: 0.9327611
Epoch:56, Time:1ms, TrainError:0.19827923, TrainErrorChange:-0.0010399818, TrainAccuracy: 0.9327611
Epoch:57, Time:0ms, TrainError:0.19726855, TrainErrorChange:-0.0010106862, TrainAccuracy: 0.9327611
Epoch:58, Time:0ms, TrainError:0.19628616, TrainErrorChange:-9.823889E-4, TrainAccuracy: 0.9327611
Epoch:59, Time:0ms, TrainError:0.1953308, TrainErrorChange:-9.5535815E-4, TrainAccuracy: 0.9327611
Epoch:60, Time:0ms, TrainError:0.1944012, TrainErrorChange:-9.2959404E-4, TrainAccuracy: 0.9327611
Epoch:61, Time:0ms, TrainError:0.19349599, TrainErrorChange:-9.0521574E-4, TrainAccuracy: 0.9341917
Epoch:62, Time:0ms, TrainError:0.1926145, TrainErrorChange:-8.814931E-4, TrainAccuracy: 0.9341917
Epoch:63, Time:0ms, TrainError:0.19175532, TrainErrorChange:-8.5917115E-4, TrainAccuracy: 0.9341917
Epoch:64, Time:0ms, TrainError:0.19091754, TrainErrorChange:-8.37788E-4, TrainAccuracy: 0.9341917
Epoch:65, Time:1ms, TrainError:0.19010046, TrainErrorChange:-8.170754E-4, TrainAccuracy: 0.9341917
Epoch:66, Time:1ms, TrainError:0.18930301, TrainErrorChange:-7.9745054E-4, TrainAccuracy: 0.9341917
Epoch:67, Time:1ms, TrainError:0.18852445, TrainErrorChange:-7.7855587E-4, TrainAccuracy: 0.9341917
Epoch:68, Time:0ms, TrainError:0.18776438, TrainErrorChange:-7.6007843E-4, TrainAccuracy: 0.9341917
Epoch:69, Time:0ms, TrainError:0.18702166, TrainErrorChange:-7.427186E-4, TrainAccuracy: 0.9341917
Epoch:70, Time:0ms, TrainError:0.18629567, TrainErrorChange:-7.259846E-4, TrainAccuracy: 0.9341917
Epoch:71, Time:0ms, TrainError:0.1855859, TrainErrorChange:-7.097721E-4, TrainAccuracy: 0.93562233
Epoch:72, Time:0ms, TrainError:0.1848915, TrainErrorChange:-6.943941E-4, TrainAccuracy: 0.93562233
Epoch:73, Time:0ms, TrainError:0.184212, TrainErrorChange:-6.7950785E-4, TrainAccuracy: 0.93562233
Epoch:74, Time:0ms, TrainError:0.18354681, TrainErrorChange:-6.6518784E-4, TrainAccuracy: 0.93562233
Epoch:75, Time:0ms, TrainError:0.18289572, TrainErrorChange:-6.5109134E-4, TrainAccuracy: 0.93562233
Epoch:76, Time:0ms, TrainError:0.18225788, TrainErrorChange:-6.378442E-4, TrainAccuracy: 0.93562233
Epoch:77, Time:0ms, TrainError:0.18163294, TrainErrorChange:-6.249398E-4, TrainAccuracy: 0.93562233
Epoch:78, Time:0ms, TrainError:0.18102033, TrainErrorChange:-6.1260164E-4, TrainAccuracy: 0.9370529
Epoch:79, Time:0ms, TrainError:0.18041976, TrainErrorChange:-6.005764E-4, TrainAccuracy: 0.9370529
Epoch:80, Time:0ms, TrainError:0.17983069, TrainErrorChange:-5.890727E-4, TrainAccuracy: 0.9370529
Epoch:81, Time:0ms, TrainError:0.17925297, TrainErrorChange:-5.77718E-4, TrainAccuracy: 0.9370529
Epoch:82, Time:0ms, TrainError:0.17868604, TrainErrorChange:-5.669296E-4, TrainAccuracy: 0.9370529
Epoch:83, Time:0ms, TrainError:0.17812964, TrainErrorChange:-5.5639446E-4, TrainAccuracy: 0.9370529
Epoch:84, Time:0ms, TrainError:0.17758338, TrainErrorChange:-5.4626167E-4, TrainAccuracy: 0.9370529
Epoch:85, Time:0ms, TrainError:0.17704675, TrainErrorChange:-5.366355E-4, TrainAccuracy: 0.9370529
Epoch:86, Time:0ms, TrainError:0.17651989, TrainErrorChange:-5.2686036E-4, TrainAccuracy: 0.9370529
Epoch:87, Time:0ms, TrainError:0.17600197, TrainErrorChange:-5.1791966E-4, TrainAccuracy: 0.9370529
Epoch:88, Time:0ms, TrainError:0.17549323, TrainErrorChange:-5.0874054E-4, TrainAccuracy: 0.93848354
Epoch:89, Time:0ms, TrainError:0.174993, TrainErrorChange:-5.00232E-4, TrainAccuracy: 0.93848354
Epoch:90, Time:0ms, TrainError:0.17450118, TrainErrorChange:-4.918128E-4, TrainAccuracy: 0.93991417
Epoch:91, Time:0ms, TrainError:0.17401752, TrainErrorChange:-4.836619E-4, TrainAccuracy: 0.93991417
Epoch:92, Time:0ms, TrainError:0.17354186, TrainErrorChange:-4.7565997E-4, TrainAccuracy: 0.93991417
Epoch:93, Time:1ms, TrainError:0.17307384, TrainErrorChange:-4.6801567E-4, TrainAccuracy: 0.93991417
Epoch:94, Time:1ms, TrainError:0.17261334, TrainErrorChange:-4.605055E-4, TrainAccuracy: 0.93991417
Epoch:95, Time:1ms, TrainError:0.17216007, TrainErrorChange:-4.5326352E-4, TrainAccuracy: 0.93991417
Epoch:96, Time:1ms, TrainError:0.1717139, TrainErrorChange:-4.4617057E-4, TrainAccuracy: 0.93991417
Epoch:97, Time:1ms, TrainError:0.17127459, TrainErrorChange:-4.3931603E-4, TrainAccuracy: 0.93991417
Epoch:98, Time:0ms, TrainError:0.17084199, TrainErrorChange:-4.325956E-4, TrainAccuracy: 0.93991417
Epoch:99, Time:0ms, TrainError:0.17041592, TrainErrorChange:-4.260689E-4, TrainAccuracy: 0.93991417
Epoch:100, Time:0ms, TrainError:0.16999623, TrainErrorChange:-4.196912E-4, TrainAccuracy: 0.93991417
Epoch:101, Time:1ms, TrainError:0.1695826, TrainErrorChange:-4.1362643E-4, TrainAccuracy: 0.93991417
Epoch:102, Time:1ms, TrainError:0.16917515, TrainErrorChange:-4.0745735E-4, TrainAccuracy: 0.93991417
Epoch:103, Time:1ms, TrainError:0.16877353, TrainErrorChange:-4.016161E-4, TrainAccuracy: 0.93991417
Epoch:104, Time:0ms, TrainError:0.16837782, TrainErrorChange:-3.9571524E-4, TrainAccuracy: 0.93991417
Epoch:105, Time:1ms, TrainError:0.16798747, TrainErrorChange:-3.9035082E-4, TrainAccuracy: 0.93991417
Epoch:106, Time:0ms, TrainError:0.1676027, TrainErrorChange:-3.8476288E-4, TrainAccuracy: 0.93991417
Epoch:107, Time:0ms, TrainError:0.16722327, TrainErrorChange:-3.7942827E-4, TrainAccuracy: 0.93991417
Epoch:108, Time:0ms, TrainError:0.16684909, TrainErrorChange:-3.7418306E-4, TrainAccuracy: 0.93991417
Epoch:109, Time:0ms, TrainError:0.16648002, TrainErrorChange:-3.6907196E-4, TrainAccuracy: 0.93991417
Epoch:110, Time:0ms, TrainError:0.16611604, TrainErrorChange:-3.6397576E-4, TrainAccuracy: 0.93991417
Epoch:111, Time:1ms, TrainError:0.16575657, TrainErrorChange:-3.594756E-4, TrainAccuracy: 0.9413448
Epoch:112, Time:1ms, TrainError:0.16540226, TrainErrorChange:-3.543049E-4, TrainAccuracy: 0.9413448
Epoch:113, Time:1ms, TrainError:0.16505235, TrainErrorChange:-3.4990907E-4, TrainAccuracy: 0.9413448
Epoch:114, Time:1ms, TrainError:0.16470705, TrainErrorChange:-3.453046E-4, TrainAccuracy: 0.9413448
Epoch:115, Time:1ms, TrainError:0.1643663, TrainErrorChange:-3.4074485E-4, TrainAccuracy: 0.94277537
Epoch:116, Time:1ms, TrainError:0.16402993, TrainErrorChange:-3.363788E-4, TrainAccuracy: 0.94277537
Epoch:117, Time:1ms, TrainError:0.16369772, TrainErrorChange:-3.322065E-4, TrainAccuracy: 0.94277537
Epoch:118, Time:0ms, TrainError:0.16336966, TrainErrorChange:-3.2806396E-4, TrainAccuracy: 0.94277537
Epoch:119, Time:0ms, TrainError:0.1630458, TrainErrorChange:-3.2386184E-4, TrainAccuracy: 0.944206
Epoch:120, Time:1ms, TrainError:0.16272609, TrainErrorChange:-3.197044E-4, TrainAccuracy: 0.944206
Epoch:121, Time:1ms, TrainError:0.16241008, TrainErrorChange:-3.1600893E-4, TrainAccuracy: 0.944206
Epoch:122, Time:1ms, TrainError:0.1620979, TrainErrorChange:-3.1217933E-4, TrainAccuracy: 0.944206
Epoch:123, Time:1ms, TrainError:0.16178994, TrainErrorChange:-3.079623E-4, TrainAccuracy: 0.944206
Epoch:124, Time:1ms, TrainError:0.16148533, TrainErrorChange:-3.0460954E-4, TrainAccuracy: 0.944206
Epoch:125, Time:1ms, TrainError:0.16118433, TrainErrorChange:-3.0100346E-4, TrainAccuracy: 0.944206
Epoch:126, Time:0ms, TrainError:0.16088706, TrainErrorChange:-2.9726326E-4, TrainAccuracy: 0.944206
Epoch:127, Time:0ms, TrainError:0.16059324, TrainErrorChange:-2.938211E-4, TrainAccuracy: 0.944206
Epoch:128, Time:0ms, TrainError:0.16030279, TrainErrorChange:-2.9045343E-4, TrainAccuracy: 0.944206
Epoch:129, Time:2ms, TrainError:0.16001578, TrainErrorChange:-2.8701127E-4, TrainAccuracy: 0.944206
Epoch:130, Time:2ms, TrainError:0.15973209, TrainErrorChange:-2.836883E-4, TrainAccuracy: 0.944206
Epoch:131, Time:1ms, TrainError:0.15945163, TrainErrorChange:-2.8045475E-4, TrainAccuracy: 0.944206
Epoch:132, Time:1ms, TrainError:0.15917425, TrainErrorChange:-2.7738512E-4, TrainAccuracy: 0.944206
Epoch:133, Time:1ms, TrainError:0.15890019, TrainErrorChange:-2.7406216E-4, TrainAccuracy: 0.944206
Epoch:134, Time:1ms, TrainError:0.1586292, TrainErrorChange:-2.7099252E-4, TrainAccuracy: 0.944206
Epoch:135, Time:1ms, TrainError:0.15836115, TrainErrorChange:-2.680421E-4, TrainAccuracy: 0.944206
Epoch:136, Time:1ms, TrainError:0.15809609, TrainErrorChange:-2.6506186E-4, TrainAccuracy: 0.944206
Epoch:137, Time:1ms, TrainError:0.15783398, TrainErrorChange:-2.6211143E-4, TrainAccuracy: 0.944206
Epoch:138, Time:1ms, TrainError:0.15757476, TrainErrorChange:-2.592206E-4, TrainAccuracy: 0.944206
Epoch:139, Time:1ms, TrainError:0.1573183, TrainErrorChange:-2.5646389E-4, TrainAccuracy: 0.944206
Epoch:140, Time:0ms, TrainError:0.15706456, TrainErrorChange:-2.5373697E-4, TrainAccuracy: 0.944206
Epoch:141, Time:0ms, TrainError:0.15681382, TrainErrorChange:-2.5074184E-4, TrainAccuracy: 0.944206
Epoch:142, Time:0ms, TrainError:0.15656558, TrainErrorChange:-2.4823844E-4, TrainAccuracy: 0.944206
Epoch:143, Time:0ms, TrainError:0.15632005, TrainErrorChange:-2.4552643E-4, TrainAccuracy: 0.944206
Epoch:144, Time:1ms, TrainError:0.15607707, TrainErrorChange:-2.4297833E-4, TrainAccuracy: 0.944206
Epoch:145, Time:1ms, TrainError:0.15583663, TrainErrorChange:-2.4044514E-4, TrainAccuracy: 0.944206
Epoch:146, Time:1ms, TrainError:0.15559869, TrainErrorChange:-2.3794174E-4, TrainAccuracy: 0.944206
Epoch:147, Time:1ms, TrainError:0.15536326, TrainErrorChange:-2.3542345E-4, TrainAccuracy: 0.944206
Epoch:148, Time:0ms, TrainError:0.15513015, TrainErrorChange:-2.3311377E-4, TrainAccuracy: 0.944206
Epoch:149, Time:0ms, TrainError:0.15489972, TrainErrorChange:-2.3043156E-4, TrainAccuracy: 0.944206
Epoch:150, Time:0ms, TrainError:0.15467155, TrainErrorChange:-2.2816658E-4, TrainAccuracy: 0.944206
Epoch:151, Time:0ms, TrainError:0.1544456, TrainErrorChange:-2.259463E-4, TrainAccuracy: 0.944206
Epoch:152, Time:1ms, TrainError:0.1542219, TrainErrorChange:-2.2369623E-4, TrainAccuracy: 0.944206
Epoch:153, Time:1ms, TrainError:0.15400055, TrainErrorChange:-2.2135675E-4, TrainAccuracy: 0.944206
Epoch:154, Time:1ms, TrainError:0.15378149, TrainErrorChange:-2.1906197E-4, TrainAccuracy: 0.944206
Epoch:155, Time:1ms, TrainError:0.15356435, TrainErrorChange:-2.1713972E-4, TrainAccuracy: 0.944206
Epoch:156, Time:1ms, TrainError:0.15334955, TrainErrorChange:-2.1480024E-4, TrainAccuracy: 0.944206
Epoch:157, Time:1ms, TrainError:0.15313691, TrainErrorChange:-2.1263957E-4, TrainAccuracy: 0.944206
Epoch:158, Time:1ms, TrainError:0.1529263, TrainErrorChange:-2.1061301E-4, TrainAccuracy: 0.944206
Epoch:159, Time:1ms, TrainError:0.15271784, TrainErrorChange:-2.0845234E-4, TrainAccuracy: 0.944206
Epoch:160, Time:1ms, TrainError:0.15251113, TrainErrorChange:-2.0670891E-4, TrainAccuracy: 0.94563663
Epoch:161, Time:1ms, TrainError:0.15230672, TrainErrorChange:-2.0441413E-4, TrainAccuracy: 0.94563663
Epoch:162, Time:1ms, TrainError:0.15210411, TrainErrorChange:-2.0261109E-4, TrainAccuracy: 0.94563663
Epoch:163, Time:0ms, TrainError:0.15190347, TrainErrorChange:-2.0064414E-4, TrainAccuracy: 0.94563663
Epoch:164, Time:0ms, TrainError:0.15170482, TrainErrorChange:-1.9864738E-4, TrainAccuracy: 0.94563663
Epoch:165, Time:0ms, TrainError:0.15150805, TrainErrorChange:-1.9676983E-4, TrainAccuracy: 0.94563663
Epoch:166, Time:0ms, TrainError:0.1513131, TrainErrorChange:-1.9495189E-4, TrainAccuracy: 0.94563663
Epoch:167, Time:1ms, TrainError:0.15111993, TrainErrorChange:-1.9316375E-4, TrainAccuracy: 0.94563663
Epoch:168, Time:1ms, TrainError:0.15092866, TrainErrorChange:-1.912713E-4, TrainAccuracy: 0.94706726
Epoch:169, Time:1ms, TrainError:0.15073915, TrainErrorChange:-1.8951297E-4, TrainAccuracy: 0.94706726
Epoch:170, Time:1ms, TrainError:0.15055136, TrainErrorChange:-1.8778443E-4, TrainAccuracy: 0.94706726
Epoch:171, Time:1ms, TrainError:0.15036543, TrainErrorChange:-1.8593669E-4, TrainAccuracy: 0.94706726
Epoch:172, Time:1ms, TrainError:0.15018107, TrainErrorChange:-1.8435717E-4, TrainAccuracy: 0.94563663
Epoch:173, Time:1ms, TrainError:0.14999849, TrainErrorChange:-1.8258393E-4, TrainAccuracy: 0.94706726
Epoch:174, Time:0ms, TrainError:0.14981742, TrainErrorChange:-1.8106401E-4, TrainAccuracy: 0.94706726
Epoch:175, Time:0ms, TrainError:0.14963824, TrainErrorChange:-1.7918646E-4, TrainAccuracy: 0.94706726
Epoch:176, Time:0ms, TrainError:0.14946043, TrainErrorChange:-1.7780066E-4, TrainAccuracy: 0.94706726
Epoch:177, Time:1ms, TrainError:0.14928427, TrainErrorChange:-1.7616153E-4, TrainAccuracy: 0.94706726
Epoch:178, Time:1ms, TrainError:0.14910989, TrainErrorChange:-1.7438829E-4, TrainAccuracy: 0.94706726
Epoch:179, Time:1ms, TrainError:0.1489369, TrainErrorChange:-1.7298758E-4, TrainAccuracy: 0.94706726
Epoch:180, Time:1ms, TrainError:0.14876552, TrainErrorChange:-1.7137825E-4, TrainAccuracy: 0.94706726
Epoch:181, Time:1ms, TrainError:0.14859547, TrainErrorChange:-1.7005205E-4, TrainAccuracy: 0.94706726
Epoch:182, Time:1ms, TrainError:0.14842714, TrainErrorChange:-1.6832352E-4, TrainAccuracy: 0.94706726
Epoch:183, Time:1ms, TrainError:0.14826019, TrainErrorChange:-1.6695261E-4, TrainAccuracy: 0.94706726
Epoch:184, Time:1ms, TrainError:0.14809467, TrainErrorChange:-1.655221E-4, TrainAccuracy: 0.94706726
Epoch:185, Time:0ms, TrainError:0.1479306, TrainErrorChange:-1.6406178E-4, TrainAccuracy: 0.94706726
Epoch:186, Time:0ms, TrainError:0.14776798, TrainErrorChange:-1.6263127E-4, TrainAccuracy: 0.94706726
Epoch:187, Time:0ms, TrainError:0.14760673, TrainErrorChange:-1.6124547E-4, TrainAccuracy: 0.94706726
Epoch:188, Time:0ms, TrainError:0.147447, TrainErrorChange:-1.5972555E-4, TrainAccuracy: 0.94706726
Epoch:189, Time:1ms, TrainError:0.14728847, TrainErrorChange:-1.5853345E-4, TrainAccuracy: 0.94706726
Epoch:190, Time:1ms, TrainError:0.14713144, TrainErrorChange:-1.5702844E-4, TrainAccuracy: 0.94706726
Epoch:191, Time:1ms, TrainError:0.14697556, TrainErrorChange:-1.5588105E-4, TrainAccuracy: 0.94706726
Epoch:192, Time:1ms, TrainError:0.14682104, TrainErrorChange:-1.5452504E-4, TrainAccuracy: 0.94706726
Epoch:193, Time:1ms, TrainError:0.14666791, TrainErrorChange:-1.5312433E-4, TrainAccuracy: 0.94706726
Epoch:194, Time:1ms, TrainError:0.14651614, TrainErrorChange:-1.5176833E-4, TrainAccuracy: 0.94706726
Epoch:195, Time:1ms, TrainError:0.14636551, TrainErrorChange:-1.5063584E-4, TrainAccuracy: 0.94706726
Epoch:196, Time:1ms, TrainError:0.14621615, TrainErrorChange:-1.4935434E-4, TrainAccuracy: 0.94706726
Epoch:197, Time:0ms, TrainError:0.14606805, TrainErrorChange:-1.4810264E-4, TrainAccuracy: 0.94849783
Epoch:198, Time:0ms, TrainError:0.1459211, TrainErrorChange:-1.4695525E-4, TrainAccuracy: 0.94849783
Epoch:199, Time:0ms, TrainError:0.14577548, TrainErrorChange:-1.4561415E-4, TrainAccuracy: 0.94849783
Epoch:200, Time:1ms, TrainError:0.145631, TrainErrorChange:-1.4448166E-4, TrainAccuracy: 0.94849783
Epoch:201, Time:1ms, TrainError:0.14548771, TrainErrorChange:-1.4328957E-4, TrainAccuracy: 0.94849783
Epoch:202, Time:1ms, TrainError:0.14534552, TrainErrorChange:-1.4218688E-4, TrainAccuracy: 0.94849783
Epoch:203, Time:1ms, TrainError:0.14520442, TrainErrorChange:-1.410991E-4, TrainAccuracy: 0.94849783
Epoch:204, Time:0ms, TrainError:0.14506459, TrainErrorChange:-1.398325E-4, TrainAccuracy: 0.94849783
Epoch:205, Time:0ms, TrainError:0.14492588, TrainErrorChange:-1.3871491E-4, TrainAccuracy: 0.94849783
Epoch:206, Time:0ms, TrainError:0.14478816, TrainErrorChange:-1.3771653E-4, TrainAccuracy: 0.94849783
Epoch:207, Time:0ms, TrainError:0.14465156, TrainErrorChange:-1.3659894E-4, TrainAccuracy: 0.94849783
Epoch:208, Time:1ms, TrainError:0.14451621, TrainErrorChange:-1.3534725E-4, TrainAccuracy: 0.94849783
Epoch:209, Time:1ms, TrainError:0.14438179, TrainErrorChange:-1.3442338E-4, TrainAccuracy: 0.94849783
Epoch:210, Time:1ms, TrainError:0.14424841, TrainErrorChange:-1.333803E-4, TrainAccuracy: 0.94849783
Epoch:211, Time:1ms, TrainError:0.14411625, TrainErrorChange:-1.321584E-4, TrainAccuracy: 0.94849783
Epoch:212, Time:1ms, TrainError:0.14398502, TrainErrorChange:-1.3123453E-4, TrainAccuracy: 0.94849783
Epoch:213, Time:1ms, TrainError:0.14385477, TrainErrorChange:-1.3025105E-4, TrainAccuracy: 0.94992846
Epoch:214, Time:0ms, TrainError:0.14372565, TrainErrorChange:-1.2911856E-4, TrainAccuracy: 0.94992846
Epoch:215, Time:0ms, TrainError:0.14359742, TrainErrorChange:-1.2822449E-4, TrainAccuracy: 0.94992846
Epoch:216, Time:0ms, TrainError:0.14347021, TrainErrorChange:-1.2721121E-4, TrainAccuracy: 0.94992846
Epoch:217, Time:0ms, TrainError:0.14334399, TrainErrorChange:-1.2622774E-4, TrainAccuracy: 0.94992846
Epoch:218, Time:1ms, TrainError:0.14321868, TrainErrorChange:-1.2530386E-4, TrainAccuracy: 0.94992846
Epoch:219, Time:1ms, TrainError:0.14309445, TrainErrorChange:-1.2423098E-4, TrainAccuracy: 0.94992846
Epoch:220, Time:1ms, TrainError:0.14297105, TrainErrorChange:-1.2339652E-4, TrainAccuracy: 0.94992846
Epoch:221, Time:1ms, TrainError:0.1428486, TrainErrorChange:-1.2245774E-4, TrainAccuracy: 0.94992846
Epoch:222, Time:1ms, TrainError:0.14272706, TrainErrorChange:-1.2153387E-4, TrainAccuracy: 0.94992846
Epoch:223, Time:0ms, TrainError:0.14260642, TrainErrorChange:-1.206398E-4, TrainAccuracy: 0.94992846
Epoch:224, Time:0ms, TrainError:0.14248684, TrainErrorChange:-1.1958182E-4, TrainAccuracy: 0.94992846
Epoch:225, Time:0ms, TrainError:0.142368, TrainErrorChange:-1.1883676E-4, TrainAccuracy: 0.94992846
Epoch:226, Time:0ms, TrainError:0.14224996, TrainErrorChange:-1.18047E-4, TrainAccuracy: 0.94992846
Epoch:227, Time:1ms, TrainError:0.14213298, TrainErrorChange:-1.16974115E-4, TrainAccuracy: 0.94992846
Epoch:228, Time:1ms, TrainError:0.14201684, TrainErrorChange:-1.1613965E-4, TrainAccuracy: 0.94992846
Epoch:229, Time:1ms, TrainError:0.14190148, TrainErrorChange:-1.1536479E-4, TrainAccuracy: 0.94992846
Epoch:230, Time:1ms, TrainError:0.14178701, TrainErrorChange:-1.1447072E-4, TrainAccuracy: 0.94992846
Epoch:231, Time:1ms, TrainError:0.14167339, TrainErrorChange:-1.13621354E-4, TrainAccuracy: 0.94992846
Epoch:232, Time:0ms, TrainError:0.14156058, TrainErrorChange:-1.1280179E-4, TrainAccuracy: 0.94992846
Epoch:233, Time:0ms, TrainError:0.14144857, TrainErrorChange:-1.1201203E-4, TrainAccuracy: 0.94992846
Epoch:234, Time:1ms, TrainError:0.14133741, TrainErrorChange:-1.1116266E-4, TrainAccuracy: 0.94992846
Epoch:235, Time:1ms, TrainError:0.141227, TrainErrorChange:-1.104027E-4, TrainAccuracy: 0.94992846
Epoch:236, Time:1ms, TrainError:0.14111748, TrainErrorChange:-1.09523535E-4, TrainAccuracy: 0.94992846
Epoch:237, Time:1ms, TrainError:0.14100872, TrainErrorChange:-1.08763576E-4, TrainAccuracy: 0.94992846
Epoch:238, Time:0ms, TrainError:0.14090061, TrainErrorChange:-1.08107924E-4, TrainAccuracy: 0.94992846
Epoch:239, Time:0ms, TrainError:0.1407934, TrainErrorChange:-1.07213855E-4, TrainAccuracy: 0.94992846
Epoch:240, Time:0ms, TrainError:0.14068687, TrainErrorChange:-1.065284E-4, TrainAccuracy: 0.94992846
Epoch:241, Time:1ms, TrainError:0.14058113, TrainErrorChange:-1.0573864E-4, TrainAccuracy: 0.94992846
Epoch:242, Time:1ms, TrainError:0.14047615, TrainErrorChange:-1.0497868E-4, TrainAccuracy: 0.94992846
Epoch:243, Time:1ms, TrainError:0.14037193, TrainErrorChange:-1.0421872E-4, TrainAccuracy: 0.94992846
Epoch:244, Time:1ms, TrainError:0.14026834, TrainErrorChange:-1.0359287E-4, TrainAccuracy: 0.94992846
Epoch:245, Time:1ms, TrainError:0.1401656, TrainErrorChange:-1.0274351E-4, TrainAccuracy: 0.94992846
Epoch:246, Time:0ms, TrainError:0.14006348, TrainErrorChange:-1.0211766E-4, TrainAccuracy: 0.94992846
Epoch:247, Time:0ms, TrainError:0.13996209, TrainErrorChange:-1.013875E-4, TrainAccuracy: 0.94992846
Epoch:248, Time:0ms, TrainError:0.13986135, TrainErrorChange:-1.0074675E-4, TrainAccuracy: 0.94992846
Epoch:249, Time:1ms, TrainError:0.13976137, TrainErrorChange:-9.997189E-5, TrainAccuracy: 0.94992846
Epoch:250, Time:1ms, TrainError:0.139662, TrainErrorChange:-9.9375844E-5, TrainAccuracy: 0.94992846
Epoch:251, Time:1ms, TrainError:0.13956349, TrainErrorChange:-9.851158E-5, TrainAccuracy: 0.94992846
Epoch:252, Time:0ms, TrainError:0.13946545, TrainErrorChange:-9.803474E-5, TrainAccuracy: 0.94992846
Epoch:253, Time:0ms, TrainError:0.13936809, TrainErrorChange:-9.736419E-5, TrainAccuracy: 0.94992846
Epoch:254, Time:0ms, TrainError:0.13927138, TrainErrorChange:-9.6708536E-5, TrainAccuracy: 0.94992846
Epoch:255, Time:0ms, TrainError:0.13917552, TrainErrorChange:-9.585917E-5, TrainAccuracy: 0.94992846
Epoch:256, Time:0ms, TrainError:0.13908, TrainErrorChange:-9.551644E-5, TrainAccuracy: 0.94992846
Epoch:257, Time:1ms, TrainError:0.13898532, TrainErrorChange:-9.468198E-5, TrainAccuracy: 0.94992846
Epoch:258, Time:1ms, TrainError:0.13889122, TrainErrorChange:-9.410083E-5, TrainAccuracy: 0.94992846
Epoch:259, Time:1ms, TrainError:0.13879779, TrainErrorChange:-9.343028E-5, TrainAccuracy: 0.94992846
Epoch:260, Time:1ms, TrainError:0.13870485, TrainErrorChange:-9.293854E-5, TrainAccuracy: 0.94992846
Epoch:261, Time:0ms, TrainError:0.13861269, TrainErrorChange:-9.216368E-5, TrainAccuracy: 0.94992846
Epoch:262, Time:0ms, TrainError:0.13852102, TrainErrorChange:-9.1671944E-5, TrainAccuracy: 0.94992846
Epoch:263, Time:0ms, TrainError:0.13843004, TrainErrorChange:-9.097159E-5, TrainAccuracy: 0.94992846
Epoch:264, Time:1ms, TrainError:0.1383396, TrainErrorChange:-9.045005E-5, TrainAccuracy: 0.94992846
Epoch:265, Time:1ms, TrainError:0.1382497, TrainErrorChange:-8.9898705E-5, TrainAccuracy: 0.94992846
Epoch:266, Time:1ms, TrainError:0.13816047, TrainErrorChange:-8.922815E-5, TrainAccuracy: 0.94992846
Epoch:267, Time:0ms, TrainError:0.13807178, TrainErrorChange:-8.869171E-5, TrainAccuracy: 0.94992846
Epoch:268, Time:0ms, TrainError:0.13798366, TrainErrorChange:-8.8110566E-5, TrainAccuracy: 0.94992846
Epoch:269, Time:1ms, TrainError:0.13789602, TrainErrorChange:-8.764863E-5, TrainAccuracy: 0.9513591
Epoch:270, Time:1ms, TrainError:0.13780904, TrainErrorChange:-8.697808E-5, TrainAccuracy: 0.9513591
Epoch:271, Time:1ms, TrainError:0.13772266, TrainErrorChange:-8.638203E-5, TrainAccuracy: 0.9513591
Epoch:272, Time:0ms, TrainError:0.13763677, TrainErrorChange:-8.589029E-5, TrainAccuracy: 0.9513591
Epoch:273, Time:0ms, TrainError:0.13755135, TrainErrorChange:-8.5413456E-5, TrainAccuracy: 0.9513591
Epoch:274, Time:0ms, TrainError:0.1374666, TrainErrorChange:-8.4757805E-5, TrainAccuracy: 0.9513591
Epoch:275, Time:1ms, TrainError:0.13738233, TrainErrorChange:-8.426607E-5, TrainAccuracy: 0.9513591
Epoch:276, Time:1ms, TrainError:0.13729843, TrainErrorChange:-8.389354E-5, TrainAccuracy: 0.9527897
Epoch:277, Time:1ms, TrainError:0.13721542, TrainErrorChange:-8.301437E-5, TrainAccuracy: 0.9527897
Epoch:278, Time:0ms, TrainError:0.13713254, TrainErrorChange:-8.288026E-5, TrainAccuracy: 0.9527897
Epoch:279, Time:0ms, TrainError:0.1370504, TrainErrorChange:-8.21352E-5, TrainAccuracy: 0.9527897
Epoch:280, Time:1ms, TrainError:0.13696863, TrainErrorChange:-8.177757E-5, TrainAccuracy: 0.9527897
Epoch:281, Time:1ms, TrainError:0.13688736, TrainErrorChange:-8.127093E-5, TrainAccuracy: 0.9527897
Epoch:282, Time:1ms, TrainError:0.13680686, TrainErrorChange:-8.049607E-5, TrainAccuracy: 0.9527897
Epoch:283, Time:0ms, TrainError:0.13672647, TrainErrorChange:-8.0391765E-5, TrainAccuracy: 0.9527897
Epoch:284, Time:0ms, TrainError:0.1366468, TrainErrorChange:-7.966161E-5, TrainAccuracy: 0.9527897
Epoch:285, Time:1ms, TrainError:0.13656762, TrainErrorChange:-7.918477E-5, TrainAccuracy: 0.9527897
Epoch:286, Time:1ms, TrainError:0.13648883, TrainErrorChange:-7.879734E-5, TrainAccuracy: 0.9527897
Epoch:287, Time:1ms, TrainError:0.1364106, TrainErrorChange:-7.8231096E-5, TrainAccuracy: 0.9527897
Epoch:288, Time:0ms, TrainError:0.13633263, TrainErrorChange:-7.7962875E-5, TrainAccuracy: 0.9527897
Epoch:289, Time:0ms, TrainError:0.13625541, TrainErrorChange:-7.721782E-5, TrainAccuracy: 0.9527897
Epoch:290, Time:1ms, TrainError:0.13617854, TrainErrorChange:-7.687509E-5, TrainAccuracy: 0.9527897
Epoch:291, Time:1ms, TrainError:0.13610208, TrainErrorChange:-7.645786E-5, TrainAccuracy: 0.9527897
Epoch:292, Time:1ms, TrainError:0.13602605, TrainErrorChange:-7.6025724E-5, TrainAccuracy: 0.9527897
Epoch:293, Time:0ms, TrainError:0.1359505, TrainErrorChange:-7.554889E-5, TrainAccuracy: 0.9527897
Epoch:294, Time:0ms, TrainError:0.13587548, TrainErrorChange:-7.502735E-5, TrainAccuracy: 0.9527897
Epoch:295, Time:0ms, TrainError:0.13580081, TrainErrorChange:-7.466972E-5, TrainAccuracy: 0.9527897
Epoch:296, Time:1ms, TrainError:0.13572665, TrainErrorChange:-7.416308E-5, TrainAccuracy: 0.9527897
Epoch:297, Time:1ms, TrainError:0.13565283, TrainErrorChange:-7.382035E-5, TrainAccuracy: 0.9527897
Epoch:298, Time:1ms, TrainError:0.13557954, TrainErrorChange:-7.328391E-5, TrainAccuracy: 0.9527897
Epoch:299, Time:0ms, TrainError:0.13550657, TrainErrorChange:-7.297099E-5, TrainAccuracy: 0.9527897
Epoch:300, Time:0ms, TrainError:0.13543402, TrainErrorChange:-7.2553754E-5, TrainAccuracy: 0.9527897
Epoch:301, Time:1ms, TrainError:0.13536191, TrainErrorChange:-7.210672E-5, TrainAccuracy: 0.9527897
Epoch:302, Time:1ms, TrainError:0.13529032, TrainErrorChange:-7.158518E-5, TrainAccuracy: 0.9527897
Epoch:303, Time:1ms, TrainError:0.135219, TrainErrorChange:-7.133186E-5, TrainAccuracy: 0.9527897
Epoch:304, Time:0ms, TrainError:0.13514818, TrainErrorChange:-7.081032E-5, TrainAccuracy: 0.9527897
Epoch:305, Time:0ms, TrainError:0.13507771, TrainErrorChange:-7.046759E-5, TrainAccuracy: 0.9527897
Epoch:306, Time:0ms, TrainError:0.13500758, TrainErrorChange:-7.0139766E-5, TrainAccuracy: 0.9527897
Epoch:307, Time:1ms, TrainError:0.13493796, TrainErrorChange:-6.9618225E-5, TrainAccuracy: 0.9527897
Epoch:308, Time:1ms, TrainError:0.1348687, TrainErrorChange:-6.92606E-5, TrainAccuracy: 0.9527897
Epoch:309, Time:1ms, TrainError:0.13479975, TrainErrorChange:-6.894767E-5, TrainAccuracy: 0.9527897
Epoch:310, Time:0ms, TrainError:0.13473123, TrainErrorChange:-6.851554E-5, TrainAccuracy: 0.9527897
Epoch:311, Time:0ms, TrainError:0.13466306, TrainErrorChange:-6.817281E-5, TrainAccuracy: 0.9527897
Epoch:312, Time:0ms, TrainError:0.13459536, TrainErrorChange:-6.7695975E-5, TrainAccuracy: 0.9527897
Epoch:313, Time:1ms, TrainError:0.13452798, TrainErrorChange:-6.738305E-5, TrainAccuracy: 0.9527897
Epoch:314, Time:1ms, TrainError:0.13446094, TrainErrorChange:-6.7040324E-5, TrainAccuracy: 0.9527897
Epoch:315, Time:0ms, TrainError:0.13439429, TrainErrorChange:-6.6652894E-5, TrainAccuracy: 0.9527897
Epoch:316, Time:0ms, TrainError:0.13432795, TrainErrorChange:-6.633997E-5, TrainAccuracy: 0.9527897
Epoch:317, Time:0ms, TrainError:0.13426207, TrainErrorChange:-6.5878034E-5, TrainAccuracy: 0.9527897
Epoch:318, Time:1ms, TrainError:0.13419649, TrainErrorChange:-6.558001E-5, TrainAccuracy: 0.9527897
Epoch:319, Time:1ms, TrainError:0.13413137, TrainErrorChange:-6.5118074E-5, TrainAccuracy: 0.9527897
Epoch:320, Time:1ms, TrainError:0.13406649, TrainErrorChange:-6.4879656E-5, TrainAccuracy: 0.9527897
Epoch:321, Time:1ms, TrainError:0.13400191, TrainErrorChange:-6.458163E-5, TrainAccuracy: 0.9527897
Epoch:322, Time:0ms, TrainError:0.13393779, TrainErrorChange:-6.41197E-5, TrainAccuracy: 0.9527897
Epoch:323, Time:0ms, TrainError:0.13387398, TrainErrorChange:-6.380677E-5, TrainAccuracy: 0.9527897
Epoch:324, Time:1ms, TrainError:0.1338105, TrainErrorChange:-6.347895E-5, TrainAccuracy: 0.9527897
Epoch:325, Time:1ms, TrainError:0.13374723, TrainErrorChange:-6.327033E-5, TrainAccuracy: 0.9527897
Epoch:326, Time:0ms, TrainError:0.13368447, TrainErrorChange:-6.276369E-5, TrainAccuracy: 0.9527897
Epoch:327, Time:0ms, TrainError:0.13362195, TrainErrorChange:-6.252527E-5, TrainAccuracy: 0.9527897
Epoch:328, Time:1ms, TrainError:0.13355985, TrainErrorChange:-6.209314E-5, TrainAccuracy: 0.9527897
Epoch:329, Time:1ms, TrainError:0.13349794, TrainErrorChange:-6.1914325E-5, TrainAccuracy: 0.9527897
Epoch:330, Time:1ms, TrainError:0.13343641, TrainErrorChange:-6.1526895E-5, TrainAccuracy: 0.9527897
Epoch:331, Time:0ms, TrainError:0.13337511, TrainErrorChange:-6.130338E-5, TrainAccuracy: 0.9527897
Epoch:332, Time:0ms, TrainError:0.13331415, TrainErrorChange:-6.096065E-5, TrainAccuracy: 0.9527897
Epoch:333, Time:0ms, TrainError:0.13325368, TrainErrorChange:-6.0468912E-5, TrainAccuracy: 0.9527897
Epoch:334, Time:1ms, TrainError:0.13319342, TrainErrorChange:-6.0260296E-5, TrainAccuracy: 0.9527897
Epoch:335, Time:1ms, TrainError:0.13313353, TrainErrorChange:-5.9887767E-5, TrainAccuracy: 0.9527897
Epoch:336, Time:0ms, TrainError:0.13307379, TrainErrorChange:-5.9738755E-5, TrainAccuracy: 0.9527897
Epoch:337, Time:0ms, TrainError:0.13301444, TrainErrorChange:-5.9351325E-5, TrainAccuracy: 0.9527897
Epoch:338, Time:1ms, TrainError:0.13295531, TrainErrorChange:-5.9127808E-5, TrainAccuracy: 0.9527897
Epoch:339, Time:1ms, TrainError:0.13289668, TrainErrorChange:-5.863607E-5, TrainAccuracy: 0.9527897
Epoch:340, Time:1ms, TrainError:0.1328381, TrainErrorChange:-5.8576465E-5, TrainAccuracy: 0.9527897
Epoch:341, Time:0ms, TrainError:0.13277996, TrainErrorChange:-5.814433E-5, TrainAccuracy: 0.9527897
Epoch:342, Time:0ms, TrainError:0.13272204, TrainErrorChange:-5.7920814E-5, TrainAccuracy: 0.9527897
Epoch:343, Time:1ms, TrainError:0.13266446, TrainErrorChange:-5.7578087E-5, TrainAccuracy: 0.9527897
Epoch:344, Time:1ms, TrainError:0.13260707, TrainErrorChange:-5.738437E-5, TrainAccuracy: 0.9527897
Epoch:345, Time:1ms, TrainError:0.1325502, TrainErrorChange:-5.6877732E-5, TrainAccuracy: 0.9527897
Epoch:346, Time:0ms, TrainError:0.13249335, TrainErrorChange:-5.684793E-5, TrainAccuracy: 0.9527897
Epoch:347, Time:0ms, TrainError:0.13243684, TrainErrorChange:-5.6505203E-5, TrainAccuracy: 0.9527897
Epoch:348, Time:0ms, TrainError:0.13238065, TrainErrorChange:-5.619228E-5, TrainAccuracy: 0.9527897
Epoch:349, Time:1ms, TrainError:0.13232476, TrainErrorChange:-5.5894256E-5, TrainAccuracy: 0.9527897
Epoch:350, Time:1ms, TrainError:0.132269, TrainErrorChange:-5.5760145E-5, TrainAccuracy: 0.9527897
Epoch:351, Time:1ms, TrainError:0.13221364, TrainErrorChange:-5.5357814E-5, TrainAccuracy: 0.9527897
Epoch:352, Time:0ms, TrainError:0.13215859, TrainErrorChange:-5.504489E-5, TrainAccuracy: 0.9527897
Epoch:353, Time:0ms, TrainError:0.13210359, TrainErrorChange:-5.5000186E-5, TrainAccuracy: 0.9527897
Epoch:354, Time:0ms, TrainError:0.13204901, TrainErrorChange:-5.4582953E-5, TrainAccuracy: 0.9527897
Epoch:355, Time:1ms, TrainError:0.1319947, TrainErrorChange:-5.4314733E-5, TrainAccuracy: 0.9527897
Epoch:356, Time:1ms, TrainError:0.13194057, TrainErrorChange:-5.4121017E-5, TrainAccuracy: 0.9542203
Epoch:357, Time:0ms, TrainError:0.13188684, TrainErrorChange:-5.3733587E-5, TrainAccuracy: 0.9542203
Epoch:358, Time:0ms, TrainError:0.13183323, TrainErrorChange:-5.3614378E-5, TrainAccuracy: 0.9542203
Epoch:359, Time:1ms, TrainError:0.13177994, TrainErrorChange:-5.3286552E-5, TrainAccuracy: 0.9542203
Epoch:360, Time:1ms, TrainError:0.1317268, TrainErrorChange:-5.313754E-5, TrainAccuracy: 0.9542203
Epoch:361, Time:1ms, TrainError:0.13167392, TrainErrorChange:-5.288422E-5, TrainAccuracy: 0.9542203
Epoch:362, Time:0ms, TrainError:0.13162145, TrainErrorChange:-5.246699E-5, TrainAccuracy: 0.9542203
Epoch:363, Time:0ms, TrainError:0.1315691, TrainErrorChange:-5.234778E-5, TrainAccuracy: 0.9542203
Epoch:364, Time:1ms, TrainError:0.13151695, TrainErrorChange:-5.2154064E-5, TrainAccuracy: 0.9542203
Epoch:365, Time:1ms, TrainError:0.13146515, TrainErrorChange:-5.1796436E-5, TrainAccuracy: 0.9542203
Epoch:366, Time:1ms, TrainError:0.13141346, TrainErrorChange:-5.169213E-5, TrainAccuracy: 0.9542203
Epoch:367, Time:0ms, TrainError:0.13136217, TrainErrorChange:-5.1289797E-5, TrainAccuracy: 0.9542203
Epoch:368, Time:0ms, TrainError:0.13131094, TrainErrorChange:-5.1230192E-5, TrainAccuracy: 0.9542203
Epoch:369, Time:1ms, TrainError:0.13126004, TrainErrorChange:-5.0902367E-5, TrainAccuracy: 0.9542203
Epoch:370, Time:1ms, TrainError:0.13120937, TrainErrorChange:-5.0663948E-5, TrainAccuracy: 0.9542203
Epoch:371, Time:1ms, TrainError:0.13115887, TrainErrorChange:-5.0500035E-5, TrainAccuracy: 0.9542203
Epoch:372, Time:0ms, TrainError:0.13110857, TrainErrorChange:-5.030632E-5, TrainAccuracy: 0.9542203
Epoch:373, Time:0ms, TrainError:0.1310586, TrainErrorChange:-4.9963593E-5, TrainAccuracy: 0.9542203
Epoch:374, Time:1ms, TrainError:0.13100876, TrainErrorChange:-4.9844384E-5, TrainAccuracy: 0.9542203
Epoch:375, Time:1ms, TrainError:0.13095923, TrainErrorChange:-4.953146E-5, TrainAccuracy: 0.9542203
Epoch:376, Time:1ms, TrainError:0.13090986, TrainErrorChange:-4.9367547E-5, TrainAccuracy: 0.9542203
Epoch:377, Time:0ms, TrainError:0.13086085, TrainErrorChange:-4.900992E-5, TrainAccuracy: 0.9542203
Epoch:378, Time:0ms, TrainError:0.13081183, TrainErrorChange:-4.902482E-5, TrainAccuracy: 0.9542203
Epoch:379, Time:1ms, TrainError:0.13076307, TrainErrorChange:-4.87566E-5, TrainAccuracy: 0.9542203
Epoch:380, Time:1ms, TrainError:0.1307146, TrainErrorChange:-4.8473477E-5, TrainAccuracy: 0.9542203
Epoch:381, Time:1ms, TrainError:0.1306664, TrainErrorChange:-4.8190355E-5, TrainAccuracy: 0.9542203
Epoch:382, Time:0ms, TrainError:0.13061818, TrainErrorChange:-4.8220158E-5, TrainAccuracy: 0.9542203
Epoch:383, Time:0ms, TrainError:0.13057034, TrainErrorChange:-4.784763E-5, TrainAccuracy: 0.9542203
Epoch:384, Time:1ms, TrainError:0.13052271, TrainErrorChange:-4.762411E-5, TrainAccuracy: 0.9542203
Epoch:385, Time:1ms, TrainError:0.13047525, TrainErrorChange:-4.74602E-5, TrainAccuracy: 0.9542203
Epoch:386, Time:1ms, TrainError:0.13042808, TrainErrorChange:-4.7177076E-5, TrainAccuracy: 0.9542203
Epoch:387, Time:0ms, TrainError:0.13038096, TrainErrorChange:-4.711747E-5, TrainAccuracy: 0.9542203
Epoch:388, Time:0ms, TrainError:0.13033405, TrainErrorChange:-4.6908855E-5, TrainAccuracy: 0.9542203
Epoch:389, Time:1ms, TrainError:0.13028754, TrainErrorChange:-4.6506524E-5, TrainAccuracy: 0.9542203
Epoch:390, Time:1ms, TrainError:0.130241, TrainErrorChange:-4.6536326E-5, TrainAccuracy: 0.9542203
Epoch:391, Time:1ms, TrainError:0.1301947, TrainErrorChange:-4.631281E-5, TrainAccuracy: 0.9542203
Epoch:392, Time:0ms, TrainError:0.13014868, TrainErrorChange:-4.6014786E-5, TrainAccuracy: 0.9542203
Epoch:393, Time:0ms, TrainError:0.13010274, TrainErrorChange:-4.594028E-5, TrainAccuracy: 0.9542203
Epoch:394, Time:1ms, TrainError:0.13005707, TrainErrorChange:-4.567206E-5, TrainAccuracy: 0.9542203
Epoch:395, Time:1ms, TrainError:0.13001153, TrainErrorChange:-4.553795E-5, TrainAccuracy: 0.9542203
Epoch:396, Time:1ms, TrainError:0.12996633, TrainErrorChange:-4.5195222E-5, TrainAccuracy: 0.9542203
Epoch:397, Time:0ms, TrainError:0.12992118, TrainErrorChange:-4.515052E-5, TrainAccuracy: 0.9542203
Epoch:398, Time:0ms, TrainError:0.12987608, TrainErrorChange:-4.5105815E-5, TrainAccuracy: 0.9542203
Epoch:399, Time:0ms, TrainError:0.12983142, TrainErrorChange:-4.465878E-5, TrainAccuracy: 0.9542203
Epoch:400, Time:1ms, TrainError:0.12978682, TrainErrorChange:-4.4599175E-5, TrainAccuracy: 0.9542203
Epoch:401, Time:1ms, TrainError:0.1297424, TrainErrorChange:-4.442036E-5, TrainAccuracy: 0.9542203
Epoch:402, Time:1ms, TrainError:0.12969817, TrainErrorChange:-4.4226646E-5, TrainAccuracy: 0.9542203
Epoch:403, Time:0ms, TrainError:0.12965429, TrainErrorChange:-4.388392E-5, TrainAccuracy: 0.9542203
Epoch:404, Time:0ms, TrainError:0.12961042, TrainErrorChange:-4.386902E-5, TrainAccuracy: 0.9542203
Epoch:405, Time:1ms, TrainError:0.12956665, TrainErrorChange:-4.376471E-5, TrainAccuracy: 0.9556509
Epoch:406, Time:1ms, TrainError:0.12952314, TrainErrorChange:-4.351139E-5, TrainAccuracy: 0.9556509
Epoch:407, Time:1ms, TrainError:0.12947983, TrainErrorChange:-4.3317676E-5, TrainAccuracy: 0.9556509
Epoch:408, Time:0ms, TrainError:0.12943673, TrainErrorChange:-4.3094158E-5, TrainAccuracy: 0.9556509
Epoch:409, Time:0ms, TrainError:0.12939373, TrainErrorChange:-4.300475E-5, TrainAccuracy: 0.9556509
Epoch:410, Time:1ms, TrainError:0.12935087, TrainErrorChange:-4.285574E-5, TrainAccuracy: 0.9556509
Epoch:411, Time:1ms, TrainError:0.12930818, TrainErrorChange:-4.2691827E-5, TrainAccuracy: 0.9556509
Epoch:412, Time:1ms, TrainError:0.12926573, TrainErrorChange:-4.245341E-5, TrainAccuracy: 0.9556509
Epoch:413, Time:0ms, TrainError:0.12922344, TrainErrorChange:-4.2289495E-5, TrainAccuracy: 0.9556509
Epoch:414, Time:0ms, TrainError:0.12918115, TrainErrorChange:-4.2289495E-5, TrainAccuracy: 0.9556509
Epoch:415, Time:1ms, TrainError:0.12913917, TrainErrorChange:-4.197657E-5, TrainAccuracy: 0.9556509
Epoch:416, Time:1ms, TrainError:0.12909736, TrainErrorChange:-4.181266E-5, TrainAccuracy: 0.9556509
Epoch:417, Time:1ms, TrainError:0.12905568, TrainErrorChange:-4.1678548E-5, TrainAccuracy: 0.9556509
Epoch:418, Time:0ms, TrainError:0.12901424, TrainErrorChange:-4.144013E-5, TrainAccuracy: 0.9556509
Epoch:419, Time:0ms, TrainError:0.12897287, TrainErrorChange:-4.1365623E-5, TrainAccuracy: 0.9556509
Epoch:420, Time:1ms, TrainError:0.1289317, TrainErrorChange:-4.117191E-5, TrainAccuracy: 0.9556509
Epoch:421, Time:1ms, TrainError:0.12889054, TrainErrorChange:-4.1157007E-5, TrainAccuracy: 0.9556509
Epoch:422, Time:1ms, TrainError:0.12884973, TrainErrorChange:-4.081428E-5, TrainAccuracy: 0.9556509
Epoch:423, Time:0ms, TrainError:0.1288091, TrainErrorChange:-4.0635467E-5, TrainAccuracy: 0.9556509
Epoch:424, Time:0ms, TrainError:0.12876846, TrainErrorChange:-4.0635467E-5, TrainAccuracy: 0.9556509
Epoch:425, Time:1ms, TrainError:0.12872802, TrainErrorChange:-4.044175E-5, TrainAccuracy: 0.95708156
Epoch:426, Time:1ms, TrainError:0.12868774, TrainErrorChange:-4.027784E-5, TrainAccuracy: 0.9585122
Epoch:427, Time:1ms, TrainError:0.12864764, TrainErrorChange:-4.0099025E-5, TrainAccuracy: 0.9585122
Epoch:428, Time:0ms, TrainError:0.12860762, TrainErrorChange:-4.002452E-5, TrainAccuracy: 0.9585122
Epoch:429, Time:0ms, TrainError:0.1285678, TrainErrorChange:-3.9815903E-5, TrainAccuracy: 0.9585122
Epoch:430, Time:0ms, TrainError:0.1285283, TrainErrorChange:-3.950298E-5, TrainAccuracy: 0.9585122
Epoch:431, Time:1ms, TrainError:0.12848866, TrainErrorChange:-3.963709E-5, TrainAccuracy: 0.9585122
Epoch:432, Time:1ms, TrainError:0.12844928, TrainErrorChange:-3.938377E-5, TrainAccuracy: 0.9585122
Epoch:433, Time:1ms, TrainError:0.12840998, TrainErrorChange:-3.9294362E-5, TrainAccuracy: 0.9585122
Epoch:434, Time:0ms, TrainError:0.12837094, TrainErrorChange:-3.9041042E-5, TrainAccuracy: 0.9585122
Epoch:435, Time:0ms, TrainError:0.12833188, TrainErrorChange:-3.9055943E-5, TrainAccuracy: 0.9585122
Epoch:436, Time:1ms, TrainError:0.12829314, TrainErrorChange:-3.874302E-5, TrainAccuracy: 0.9585122
Epoch:437, Time:1ms, TrainError:0.12825443, TrainErrorChange:-3.8713217E-5, TrainAccuracy: 0.9585122
Epoch:438, Time:1ms, TrainError:0.12821585, TrainErrorChange:-3.8579106E-5, TrainAccuracy: 0.9585122
Epoch:439, Time:0ms, TrainError:0.12817752, TrainErrorChange:-3.8325787E-5, TrainAccuracy: 0.9585122
Epoch:440, Time:0ms, TrainError:0.12813926, TrainErrorChange:-3.8266182E-5, TrainAccuracy: 0.9585122
Epoch:441, Time:1ms, TrainError:0.12810113, TrainErrorChange:-3.813207E-5, TrainAccuracy: 0.9585122
Epoch:442, Time:1ms, TrainError:0.12806313, TrainErrorChange:-3.799796E-5, TrainAccuracy: 0.9585122
Epoch:443, Time:1ms, TrainError:0.12802522, TrainErrorChange:-3.7908554E-5, TrainAccuracy: 0.9585122
Epoch:444, Time:0ms, TrainError:0.12798753, TrainErrorChange:-3.7685037E-5, TrainAccuracy: 0.9585122
Epoch:445, Time:0ms, TrainError:0.12794998, TrainErrorChange:-3.7550926E-5, TrainAccuracy: 0.9585122
Epoch:446, Time:1ms, TrainError:0.12791257, TrainErrorChange:-3.7416816E-5, TrainAccuracy: 0.9585122
Epoch:447, Time:1ms, TrainError:0.12787516, TrainErrorChange:-3.7401915E-5, TrainAccuracy: 0.9585122
Epoch:448, Time:1ms, TrainError:0.12783794, TrainErrorChange:-3.72231E-5, TrainAccuracy: 0.9585122
Epoch:449, Time:0ms, TrainError:0.12780084, TrainErrorChange:-3.710389E-5, TrainAccuracy: 0.9585122
Epoch:450, Time:0ms, TrainError:0.12776393, TrainErrorChange:-3.6910176E-5, TrainAccuracy: 0.9585122
Epoch:451, Time:1ms, TrainError:0.12772714, TrainErrorChange:-3.6790967E-5, TrainAccuracy: 0.9585122
Epoch:452, Time:1ms, TrainError:0.12769042, TrainErrorChange:-3.671646E-5, TrainAccuracy: 0.9585122
Epoch:453, Time:0ms, TrainError:0.12765391, TrainErrorChange:-3.6507845E-5, TrainAccuracy: 0.9585122
Epoch:454, Time:0ms, TrainError:0.12761748, TrainErrorChange:-3.643334E-5, TrainAccuracy: 0.9585122
Epoch:455, Time:1ms, TrainError:0.12758107, TrainErrorChange:-3.6403537E-5, TrainAccuracy: 0.9585122
Epoch:456, Time:1ms, TrainError:0.12754497, TrainErrorChange:-3.6105514E-5, TrainAccuracy: 0.9585122
Epoch:457, Time:1ms, TrainError:0.12750876, TrainErrorChange:-3.620982E-5, TrainAccuracy: 0.9585122
Epoch:458, Time:0ms, TrainError:0.12747289, TrainErrorChange:-3.5867095E-5, TrainAccuracy: 0.9585122
Epoch:459, Time:0ms, TrainError:0.1274371, TrainErrorChange:-3.579259E-5, TrainAccuracy: 0.9585122
Epoch:460, Time:1ms, TrainError:0.1274014, TrainErrorChange:-3.5703182E-5, TrainAccuracy: 0.9585122
Epoch:461, Time:1ms, TrainError:0.12736574, TrainErrorChange:-3.565848E-5, TrainAccuracy: 0.9585122
Epoch:462, Time:0ms, TrainError:0.12733033, TrainErrorChange:-3.540516E-5, TrainAccuracy: 0.9585122
Epoch:463, Time:0ms, TrainError:0.12729497, TrainErrorChange:-3.5360456E-5, TrainAccuracy: 0.9585122
Epoch:464, Time:1ms, TrainError:0.12725987, TrainErrorChange:-3.5107136E-5, TrainAccuracy: 0.9585122
Epoch:465, Time:1ms, TrainError:0.12722462, TrainErrorChange:-3.5241246E-5, TrainAccuracy: 0.95994276
Epoch:466, Time:0ms, TrainError:0.12718967, TrainErrorChange:-3.4958124E-5, TrainAccuracy: 0.95994276
Epoch:467, Time:0ms, TrainError:0.12715481, TrainErrorChange:-3.4853816E-5, TrainAccuracy: 0.95994276
Epoch:468, Time:1ms, TrainError:0.12711997, TrainErrorChange:-3.4838915E-5, TrainAccuracy: 0.95994276
Epoch:469, Time:1ms, TrainError:0.12708537, TrainErrorChange:-3.4600496E-5, TrainAccuracy: 0.95994276
Epoch:470, Time:1ms, TrainError:0.12705086, TrainErrorChange:-3.451109E-5, TrainAccuracy: 0.95994276
Epoch:471, Time:0ms, TrainError:0.12701638, TrainErrorChange:-3.4481287E-5, TrainAccuracy: 0.95994276
Epoch:472, Time:0ms, TrainError:0.12698203, TrainErrorChange:-3.4347177E-5, TrainAccuracy: 0.95994276
Epoch:473, Time:1ms, TrainError:0.12694792, TrainErrorChange:-3.4108758E-5, TrainAccuracy: 0.95994276
Epoch:474, Time:1ms, TrainError:0.12691376, TrainErrorChange:-3.4168363E-5, TrainAccuracy: 0.95994276
Epoch:475, Time:1ms, TrainError:0.12687981, TrainErrorChange:-3.3944845E-5, TrainAccuracy: 0.95994276
Epoch:476, Time:0ms, TrainError:0.12684588, TrainErrorChange:-3.3929944E-5, TrainAccuracy: 0.95994276
Epoch:477, Time:0ms, TrainError:0.12681216, TrainErrorChange:-3.3721328E-5, TrainAccuracy: 0.95994276
Epoch:478, Time:1ms, TrainError:0.12677842, TrainErrorChange:-3.373623E-5, TrainAccuracy: 0.95994276
Epoch:479, Time:1ms, TrainError:0.126745, TrainErrorChange:-3.3423305E-5, TrainAccuracy: 0.95994276
Epoch:480, Time:1ms, TrainError:0.12671152, TrainErrorChange:-3.348291E-5, TrainAccuracy: 0.95994276
Epoch:481, Time:0ms, TrainError:0.1266782, TrainErrorChange:-3.3318996E-5, TrainAccuracy: 0.95994276
Epoch:482, Time:0ms, TrainError:NaN, TrainErrorChange:NaN, TrainAccuracy: 0.95994276
The training was interrupted due to NaN value before completing all Epochs. Epochs completed: 482/5000

TRAINING COMPLETED
Total Training Time: 448ms
------------------------------------------------------------------------
